{"xmin": 2, "xmax": 269, "alpha": 1.7618507104547643, "ks_distance": 0.012996564527085086, "p-value": 1.1836087665528794e-12, "word_counts_unique": [1536, 513, 2, 515, 516, 5, 6, 7, 8, 521, 10, 11, 524, 13, 14, 15, 16, 17, 18, 19, 20, 1045, 22, 23, 536, 25, 26, 27, 28, 29, 30, 31, 32, 33, 34, 35, 36, 37, 38, 39, 40, 41, 42, 43, 44, 45, 46, 47, 48, 49, 50, 51, 52, 53, 54, 55, 568, 57, 58, 59, 60, 61, 62, 63, 64, 65, 66, 67, 68, 69, 70, 71, 72, 73, 74, 75, 588, 77, 78, 79, 80, 81, 82, 83, 84, 85, 86, 87, 88, 89, 90, 91, 92, 93, 94, 4703, 96, 95, 98, 99, 100, 4, 102, 103, 104, 617, 106, 107, 108, 105, 110, 111, 112, 21, 6770, 115, 116, 629, 118, 119, 114, 24, 123, 124, 637, 126, 128, 129, 130, 131, 132, 133, 135, 136, 1673, 138, 139, 652, 653, 142, 140, 144, 137, 146, 147, 149, 150, 663, 152, 153, 154, 155, 668, 156, 151, 159, 160, 2209, 673, 163, 162, 1, 166, 168, 169, 170, 171, 178, 179, 180, 181, 182, 183, 185, 188, 190, 191, 194, 196, 709, 200, 202, 203, 205, 208, 209, 211, 212, 214, 215, 220, 4317, 222, 1249, 226, 225, 740, 741, 231, 9, 235, 751, 240, 241, 242, 244, 245, 760, 1273, 250, 251, 256, 770, 261, 262, 777, 267, 271, 273, 274, 279, 793, 1818, 282, 281, 56, 286, 2860, 1324, 306, 12, 309, 315, 316, 2365, 829, 832, 325, 334, 851, 341, 349, 353, 869, 371, 377, 893, 76, 1930, 395, 3478, 3, 419, 4006, 423, 429, 1457, 435, 437, 1464, 444, 445, 970, 1484, 462, 470, 984, 477, 4577], "word_ranks_unique": [1, 2, 3, 4, 5, 6, 7, 8, 9, 10, 11, 12, 13, 14, 15, 16, 17, 18, 19, 20, 21, 22, 23, 24, 25, 26, 27, 28, 29, 30, 31, 32, 33, 34, 35, 36, 37, 38, 39, 40, 41, 42, 43, 44, 45, 46, 47, 48, 49, 50, 51, 52, 53, 54, 55, 56, 57, 58, 59, 60, 61, 62, 63, 64, 65, 66, 67, 68, 69, 70, 71, 72, 73, 74, 75, 76, 77, 78, 79, 80, 81, 82, 83, 84, 85, 86, 87, 88, 89, 90, 91, 92, 93, 94, 95, 96, 97, 98, 99, 100, 101, 102, 103, 104, 105, 106, 107, 108, 109, 110, 111, 112, 113, 114, 115, 116, 117, 118, 119, 120, 121, 122, 123, 124, 125, 126, 127, 128, 129, 130, 131, 132, 133, 134, 135, 136, 137, 138, 139, 140, 141, 142, 143, 144, 145, 146, 147, 148, 149, 150, 151, 152, 153, 154, 155, 156, 157, 158, 159, 160, 161, 162, 163, 164, 165, 166, 167, 168, 169, 170, 171, 172, 173, 174, 175, 176, 177, 178, 179, 180, 181, 182, 183, 184, 185, 186, 187, 188, 189, 190, 191, 192, 193, 194, 195, 196, 197, 198, 199, 200, 201, 202, 203, 204, 205, 206, 207, 208, 209, 210, 211, 212, 213, 214, 215, 216, 217, 218, 219, 220, 221, 222, 223, 224, 225, 226, 227, 228, 229, 230, 231, 232, 233, 234, 235, 236, 237, 238, 239, 240, 241, 242, 243, 244, 245, 246, 247, 248, 249, 250, 251, 252, 253, 254, 255, 256, 257, 258, 259, 260, 261, 262, 263, 264, 265, 266, 267, 268, 269]}