{"a": {"her - himself": -0.07094237712534252, "her": 0.3333178609459928, "himself": 0.4042602380713353}, "after": {"her - himself": -0.15528566950586659, "her": 0.21463476548571664, "himself": 0.3699204349915832}, "all": {"her - himself": -0.16518320433320893, "her": 0.17618915228479426, "himself": 0.3413723566180032}, "allen": {"her - himself": -0.1609142963305797, "her": 0.31885468155987606, "himself": 0.47976897789045575}, "and": {"her - himself": 0.048588917113801366, "her": 0.3765288386234401, "himself": 0.32793992150963874}, "any": {"her - himself": -0.16003928995888217, "her": 0.1726126005321763, "himself": 0.3326518904910585}, "anyone": {"her - himself": -0.2655309059464559, "her": 0.08839323354719311, "himself": 0.35392413949364904}, "are": {"her - himself": -0.14168955056686988, "her": 0.16312315946106248, "himself": 0.30481271002793237}, "arrested": {"her - himself": -0.19843997484670947, "her": 0.24555186507082608, "himself": 0.44399183991753555}, "ass": {"her - himself": -0.24728737176554488, "her": 0.20028391296948017, "himself": 0.44757128473502505}, "bad": {"her - himself": -0.2609893686710872, "her": 0.11920259202644945, "himself": 0.38019196069753664}, "be": {"her - himself": -0.12153933376619877, "her": 0.22156833114512678, "himself": 0.34310766491132555}, "because": {"her - himself": -0.1093884691647404, "her": 0.2245523690333376, "himself": 0.333940838198078}, "before": {"her - himself": -0.15569153575564723, "her": 0.21117940326300758, "himself": 0.3668709390186548}, "being": {"her - himself": -0.13775181081591853, "her": 0.2176833516471089, "himself": 0.3554351624630274}, "but": {"her - himself": -0.16209930244626922, "her": 0.2370907276619539, "himself": 0.3991900301082231}, "by": {"her - himself": -0.1626859055649224, "her": 0.2732384424912961, "himself": 0.4359243480562185}, "camera": {"her - himself": -0.19270329029344818, "her": 0.27957530032296607, "himself": 0.47227859061641425}, "d": {"her - himself": -0.13554391399102236, "her": 0.23801295767822253, "himself": 0.3735568716692449}, "day": {"her - himself": -0.1590378514811264, "her": 0.1817656222089806, "himself": 0.340803473690107}, "did": {"her - himself": -0.18621276957365007, "her": 0.24396329068231398, "himself": 0.43017606025596405}, "drug": {"her - himself": -0.2491723628560887, "her": 0.18994513195009063, "himself": 0.43911749480617934}, "either": {"her - himself": -0.254171835911737, "her": 0.16138695319488647, "himself": 0.4155587891066234}, "even": {"her - himself": -0.21540979941602023, "her": 0.12912442860863504, "himself": 0.3445342280246553}, "find": {"her - himself": -0.18195869556132144, "her": 0.1690517468095208, "himself": 0.3510104423708422}, "for": {"her - himself": -0.09469112602973861, "her": 0.26073371333590584, "himself": 0.35542483936564445}, "forum": {"her - himself": -0.26140466025942855, "her": 0.11648705359951987, "himself": 0.37789171385894843}, "friend": {"her - himself": -0.24667400780399107, "her": 0.24016409929841148, "himself": 0.48683810710240255}, "from": {"her - himself": -0.09911698045145373, "her": 0.26174892499142866, "himself": 0.3608659054428824}, "fun": {"her - himself": -0.24846697559559722, "her": 0.19383953530687453, "himself": 0.44230651090247175}, "future": {"her - himself": -0.2555691329928079, "her": 0.1530750075925761, "himself": 0.408644140585384}, "get": {"her - himself": -0.141124097047851, "her": 0.23800034147496202, "himself": 0.379124438522813}, "god": {"her - himself": -0.26018577862874315, "her": 0.12440464866715333, "himself": 0.3845904272958965}, "guy": {"her - himself": -0.13409083324883425, "her": 0.2510108546879141, "himself": 0.38510168793674837}, "have": {"her - himself": -0.024866272585783084, "her": 0.19607567587234426, "himself": 0.22094194845812734}, "he": {"her - himself": -0.17939925658760697, "her": 0.21696500443582045, "himself": 0.3963642610234274}, "here": {"her - himself": -0.17024899097874946, "her": 0.2106835185083204, "himself": 0.38093250948706986}, "him": {"her - himself": -0.18500075420848522, "her": 0.2516747534271817, "himself": 0.4366755076356669}, "his": {"her - himself": -0.09594392211631614, "her": 0.24607875080776803, "himself": 0.34202267292408417}, "home": {"her - himself": -0.0633649945703309, "her": 0.2968455606486357, "himself": 0.3602105552189666}, "https": {"her - himself": -0.2623967410074823, "her": 0.10992202103840433, "himself": 0.3723187620458866}, "i": {"her - himself": -0.08749476091877689, "her": 0.30629290307501067, "himself": 0.39378766399378756}, "if": {"her - himself": -0.03664886130191669, "her": 0.23175704804066521, "himself": 0.2684059093425819}, "in": {"her - himself": -0.09928852573833286, "her": 0.3299084329061708, "himself": 0.42919695864450363}, "into": {"her - himself": -0.10825488914939635, "her": 0.23705285772036722, "himself": 0.34530774686976357}, "is": {"her - himself": 0.03893305846676076, "her": 0.31161784972793793, "himself": 0.2726847912611772}, "it": {"her - himself": -0.10966856759098498, "her": 0.26994604342748124, "himself": 0.3796146110184662}, "jew": {"her - himself": -0.1342841750636718, "her": 0.2492978872382437, "himself": 0.3835820623019155}, "just": {"her - himself": -0.1352667427470543, "her": 0.22368697088452683, "himself": 0.35895371363158113}, "killed": {"her - himself": -0.1289786612952103, "her": 0.2946424034800751, "himself": 0.4236210647752854}, "know": {"her - himself": -0.14170509813273274, "her": 0.17928041130360162, "himself": 0.32098550943633436}, "live": {"her - himself": -0.21392489336397166, "her": 0.14059913202699517, "himself": 0.35452402539096683}, "m": {"her - himself": -0.16217136673059462, "her": 0.1525141957535644, "himself": 0.314685562484159}, "mail": {"her - himself": -0.24950455523972387, "her": 0.18810025648872153, "himself": 0.4376048117284454}, "maybe": {"her - himself": -0.2629532314052984, "her": 0.10618957059519168, "himself": 0.3691428020004901}, "me": {"her - himself": -0.0430065934534648, "her": 0.24682478178372735, "himself": 0.28983137523719216}, "more": {"her - himself": -0.18100995286328792, "her": 0.20538609764323418, "himself": 0.3863960505065221}, "morning": {"her - himself": -0.14500837083036755, "her": 0.29567494766196945, "himself": 0.440683318492337}, "murders": {"her - himself": -0.16165617997071774, "her": 0.31418580432139687, "himself": 0.4758419842921146}, "my": {"her - himself": 0.022155972552051983, "her": 0.27342349836240976, "himself": 0.2512675258103578}, "n": {"her - himself": -0.01613205186098765, "her": 0.25323821799187424, "himself": 0.2693702698528619}, "negro": {"her - himself": -0.11874985903357144, "her": 0.2600505665859994, "himself": 0.37880042561957084}, "new": {"her - himself": -0.1849046996482199, "her": 0.14402642624973264, "himself": 0.32893112589795254}, "nordic": {"her - himself": -0.25272985290269034, "her": 0.16980591980574955, "himself": 0.4225357727084399}, "not": {"her - himself": -0.05265237168050138, "her": 0.20922920800211278, "himself": 0.26188157968261416}, "of": {"her - himself": -0.13521097764584233, "her": 0.2797689633191215, "himself": 0.4149799409649638}, "on": {"her - himself": 0.061045097758584854, "her": 0.2829926729921817, "himself": 0.22194757523359687}, "one": {"her - himself": -0.16065009988168089, "her": 0.21342609751940161, "himself": 0.3740761974010825}, "or": {"her - himself": -0.05225735515378027, "her": 0.21614855418880163, "himself": 0.2684059093425819}, "out": {"her - himself": -0.022148464179195027, "her": 0.25767761502311826, "himself": 0.2798260792023133}, "page": {"her - himself": -0.25358314814785393, "her": 0.1648429134052697, "himself": 0.4184260615531236}, "people": {"her - himself": -0.17274209508203628, "her": 0.1914249348771838, "himself": 0.36416702995922007}, "police": {"her - himself": -0.09083292710966956, "her": 0.3037970866350933, "himself": 0.39463001374476286}, "protect": {"her - himself": -0.19563014433983933, "her": 0.2624710872651443, "himself": 0.4581012316049836},