{"a": {"himself - she": 0.050104397477084284, "himself": 0.4042602380713353, "she": 0.35415584059425104}, "after": {"himself - she": 0.1903899768583028, "himself": 0.3699204349915832, "she": 0.17953045813328042}, "all": {"himself - she": 0.18966736846863566, "himself": 0.3413723566180032, "she": 0.15170498814936753}, "and": {"himself - she": -0.04393821088917266, "himself": 0.32793992150963874, "she": 0.3718781323988114}, "any": {"himself - she": 0.1956269876545137, "himself": 0.3326518904910585, "she": 0.13702490283654478}, "anyone": {"himself - she": 0.19271026937528077, "himself": 0.35392413949364904, "she": 0.16121387011836827}, "are": {"himself - she": 0.12061356767048495, "himself": 0.30481271002793237, "she": 0.18419914235744742}, "bad": {"himself - she": 0.15559004156672054, "himself": 0.38019196069753664, "she": 0.2246019191308161}, "be": {"himself - she": 0.11658253002304073, "himself": 0.34310766491132555, "she": 0.22652513488828482}, "because": {"himself - she": 0.028584719410411796, "himself": 0.333940838198078, "she": 0.3053561187876662}, "before": {"himself - she": 0.15737677022090357, "himself": 0.3668709390186548, "she": 0.20949416879775123}, "being": {"himself - she": 0.15886332430172023, "himself": 0.3554351624630274, "she": 0.1965718381613072}, "but": {"himself - she": 0.09957625691866895, "himself": 0.3991900301082231, "she": 0.2996137731895542}, "by": {"himself - she": 0.20771090992650212, "himself": 0.4359243480562185, "she": 0.22821343812971637}, "camera": {"himself - she": 0.1728935655272335, "himself": 0.47227859061641425, "she": 0.29938502508918075}, "couple": {"himself - she": 0.18608343163392532, "himself": 0.3977926477519722, "she": 0.21170921611804688}, "d": {"himself - she": 0.1898471817897643, "himself": 0.3735568716692449, "she": 0.18370968987948058}, "day": {"himself - she": 0.11512882442244782, "himself": 0.340803473690107, "she": 0.22567464926765918}, "did": {"himself - she": 0.14774614815066622, "himself": 0.43017606025596405, "she": 0.28242991210529783}, "drug": {"himself - she": 0.23041229782166314, "himself": 0.43911749480617934, "she": 0.2087051969845162}, "e": {"himself - she": 0.23535147213697355, "himself": 0.4146394211534098, "she": 0.17928794901643624}, "either": {"himself - she": 0.2351725522973037, "himself": 0.4155587891066234, "she": 0.18038623680931973}, "even": {"himself - she": 0.16023987843746806, "himself": 0.3445342280246553, "she": 0.1842943495871872}, "find": {"himself - she": 0.15942682372382613, "himself": 0.3510104423708422, "she": 0.1915836186470161}, "for": {"himself - she": 0.09322972116040545, "himself": 0.35542483936564445, "she": 0.262195118205239}, "forum": {"himself - she": 0.1891926890400313, "himself": 0.37789171385894843, "she": 0.18869902481891712}, "friend": {"himself - she": 0.2576030226406111, "himself": 0.48683810710240255, "she": 0.2292350844617915}, "from": {"himself - she": 0.055422841546038826, "himself": 0.3608659054428824, "she": 0.30544306389684356}, "funny": {"himself - she": 0.23441534701352298, "himself": 0.41942091295297673, "she": 0.18500556593945375}, "future": {"himself - she": 0.23650570874955115, "himself": 0.408644140585384, "she": 0.17213843183583286}, "get": {"himself - she": 0.1037114735329343, "himself": 0.379124438522813, "she": 0.2754129649898787}, "guy": {"himself - she": 0.18808609989352584, "himself": 0.38510168793674837, "she": 0.19701558804322253}, "have": {"himself - she": 0.10792580880810701, "himself": 0.22094194845812734, "she": 0.11301613965002033}, "he": {"himself - she": 0.18132551759405352, "himself": 0.3963642610234274, "she": 0.2150387434293739}, "here": {"himself - she": 0.16859986311810007, "himself": 0.38093250948706986, "she": 0.21233264636896979}, "him": {"himself - she": 0.21153080391447854, "himself": 0.4366755076356669, "she": 0.2251447037211884}, "his": {"himself - she": 0.19436575558549607, "himself": 0.34202267292408417, "she": 0.1476569173385881}, "home": {"himself - she": 0.19181148145581442, "himself": 0.3602105552189666, "she": 0.1683990737631522}, "https": {"himself - she": 0.24304012261191957, "himself": 0.3723187620458866, "she": 0.12927863943396703}, "i": {"himself - she": 0.07788025486133476, "himself": 0.39378766399378756, "she": 0.3159074091324528}, "if": {"himself - she": -0.027786439208611458, "himself": 0.2684059093425819, "she": 0.29619234855119336}, "in": {"himself - she": 0.11324978579764594, "himself": 0.42919695864450363, "she": 0.3159471728468577}, "into": {"himself - she": 0.19391481575033734, "himself": 0.34530774686976357, "she": 0.15139293111942623}, "is": {"himself - she": -0.0888549978049683, "himself": 0.2726847912611772, "she": 0.3615397890661455}, "it": {"himself - she": 0.10902899417427414, "himself": 0.3796146110184662, "she": 0.2705856168441921}, "jew": {"himself - she": 0.1883212056581207, "himself": 0.3835820623019155, "she": 0.1952608566437948}, "just": {"himself - she": 0.082133693447829, "himself": 0.35895371363158113, "she": 0.2768200201837521}, "killed": {"himself - she": 0.2335815935010802, "himself": 0.4236210647752854, "she": 0.19003947127420517}, "know": {"himself - she": 0.09979927999546567, "himself": 0.32098550943633436, "she": 0.2211862294408687}, "live": {"himself - she": 0.2459578461801401, "himself": 0.35452402539096683, "she": 0.10856617921082673}, "lol": {"himself - she": 0.18565214239483538, "himself": 0.40046889226648613, "she": 0.21481674987165075}, "m": {"himself - she": 0.11771631703618016, "himself": 0.314685562484159, "she": 0.19696924544797886}, "maybe": {"himself - she": 0.1570762518211568, "himself": 0.3691428020004901, "she": 0.2120665501793333}, "me": {"himself - she": 0.050413087743045176, "himself": 0.28983137523719216, "she": 0.23941828749414698}, "might": {"himself - she": 0.23765280184821072, "himself": 0.40257141806352265, "she": 0.16491861621531193}, "more": {"himself - she": 0.18292806511414653, "himself": 0.3863960505065221, "she": 0.20346798539237557}, "murders": {"himself - she": 0.2223076055773352, "himself": 0.4758419842921146, "she": 0.2535343787147794}, "my": {"himself - she": -0.055693848876630536, "himself": 0.2512675258103578, "she": 0.3069613746869883}, "n": {"himself - she": -0.03378139085498222, "himself": 0.2693702698528619, "she": 0.3031516607078441}, "negro": {"himself - she": 0.189054458910018, "himself": 0.37880042561957084, "she": 0.18974596670955285}, "new": {"himself - she": 0.19611749936443731, "himself": 0.32893112589795254, "she": 0.13281362653351522}, "not": {"himself - she": -0.014902934173549542, "himself": 0.26188157968261416, "she": 0.2767845138561637}, "of": {"himself - she": 0.14028938370642297, "himself": 0.4149799409649638, "she": 0.27469055725854086}, "on": {"himself - she": -0.03909349804363105, "himself": 0.22194757523359687, "she": 0.2610410732772279}, "one": {"himself - she": 0.14391241536370206, "himself": 0.3740761974010825, "she": 0.23016378203738044}, "or": {"himself - she": 0.006419771236372662, "himself": 0.2684059093425819, "she": 0.26198613810620924}, "org": {"himself - she": 0.24185179363345993, "himself": 0.37926040583141574, "she": 0.1374086121979558}, "out": {"himself - she": -0.02174168324284098, "himself": 0.2798260792023133, "she": 0.30156776244515426}, "page": {"himself - she": 0.23461126125313905, "himself": 0.4184260615531236, "she": 0.18381480029998457}, "people": {"himself - she": 0.14521851088795582, "himself": 0.36416702995922007, "she": 0.21894851907126425}, "police": {"himself - she": 0.23911955437987145, "himself": 0.39463001374476286, "she": 0.1555104593648914}, "protect": {"himself - she": 0.22632800792006302, "himself": 0.4581012316049836, "she": 0.2317732236849206}, "racism": {"himself - she": 0.22777905840046797, "himself": 0.4514749232260029, "she": 0.22369586482553494}, "reason": {"himself - she": 0.23650570874955115, "himself": 0.408644140585384, "she": 0.17213843183583286}, "s": {"himself - she": -0.03923786655827344, "himself": 0.23352878657428566, "she": 0.2727666531325591},