{"a": {"himself - straight": 0.02242414166188439, "himself": 0.4042602380713353, "straight": 0.38183609640945093}, "all": {"himself - straight": -0.021332979130336716, "himself": 0.3413723566180032, "straight": 0.3627053357483399}, "and": {"himself - straight": -0.10136983973121244, "himself": 0.32793992150963874, "straight": 0.4293097612408512}, "any": {"himself - straight": 0.05593039138053796, "himself": 0.3326518904910585, "straight": 0.2767214991105205}, "anyone": {"himself - straight": 0.05494703447595256, "himself": 0.35392413949364904, "straight": 0.2989771050176965}, "are": {"himself - straight": 0.06828433756734245, "himself": 0.30481271002793237, "straight": 0.23652837246058991}, "ass": {"himself - straight": 0.050010617021316595, "himself": 0.44757128473502505, "straight": 0.39756066771370846}, "be": {"himself - straight": 0.14333307028105743, "himself": 0.34310766491132555, "straight": 0.19977459463026812}, "by": {"himself - straight": 0.19209661386838411, "himself": 0.4359243480562185, "straight": 0.24382773418783438}, "day": {"himself - straight": 0.055559567995687786, "himself": 0.340803473690107, "straight": 0.2852439056944192}, "devoid": {"himself - straight": 0.044119660237245506, "himself": 0.5405416191615336, "straight": 0.49642195892428814}, "did": {"himself - straight": 0.13365169814974903, "himself": 0.43017606025596405, "straight": 0.296524362106215}, "divine": {"himself - straight": 0.045378959114448225, "himself": 0.5219256320123388, "straight": 0.47654667289789054}, "either": {"himself - straight": -0.016909933927271414, "himself": 0.4155587891066234, "straight": 0.43246872303389483}, "find": {"himself - straight": 0.05508472984525864, "himself": 0.3510104423708422, "straight": 0.2959257125255836}, "for": {"himself - straight": 0.03507147525654064, "himself": 0.35542483936564445, "straight": 0.3203533641091038}, "from": {"himself - straight": 0.06530450937009363, "himself": 0.3608659054428824, "straight": 0.29556139607278875}, "get": {"himself - straight": 0.06424202441559385, "himself": 0.379124438522813, "straight": 0.3148824141072192}, "god": {"himself - straight": -0.017256620694526936, "himself": 0.3845904272958965, "straight": 0.4018470479904234}, "guy": {"himself - straight": 0.05341380374610877, "himself": 0.38510168793674837, "straight": 0.3316878841906396}, "have": {"himself - straight": -0.018149299532656732, "himself": 0.22094194845812734, "straight": 0.23909124799078407}, "he": {"himself - straight": 0.13771817177868284, "himself": 0.3963642610234274, "straight": 0.2586460892447446}, "here": {"himself - straight": 0.13944387378854095, "himself": 0.38093250948706986, "straight": 0.2414886356985289}, "him": {"himself - straight": 0.13282473263460814, "himself": 0.4366755076356669, "straight": 0.3038507750010588}, "himself": {"himself - straight": 0.33283770489100867, "himself": 0.7499121899325186, "straight": 0.41707448504150996}, "https": {"himself - straight": 0.05405568889425644, "himself": 0.3723187620458866, "straight": 0.31826307315163016}, "i": {"himself - straight": 0.09193589693516946, "himself": 0.39378766399378756, "straight": 0.3018517670586181}, "if": {"himself - straight": -0.018053749873296332, "himself": 0.2684059093425819, "straight": 0.28645965921587824}, "in": {"himself - straight": 0.1168783261578446, "himself": 0.42919695864450363, "straight": 0.31231863248665903}, "into": {"himself - straight": -0.06425574401665651, "himself": 0.34530774686976357, "straight": 0.4095634908864201}, "is": {"himself - straight": -0.054355475345324034, "himself": 0.2726847912611772, "straight": 0.3270402666065012}, "it": {"himself - straight": -0.004624601665104422, "himself": 0.3796146110184662, "straight": 0.38423921268357064}, "just": {"himself - straight": 0.016142500144814498, "himself": 0.35895371363158113, "straight": 0.34281121348676663}, "me": {"himself - straight": -0.017966771475704912, "himself": 0.28983137523719216, "straight": 0.30779814671289707}, "meaningless": {"himself - straight": 0.045378959114448225, "himself": 0.5219256320123388, "straight": 0.47654667289789054}, "more": {"himself - straight": 0.015576128759070162, "himself": 0.3863960505065221, "straight": 0.37081992174745193}, "my": {"himself - straight": -0.018103708413044317, "himself": 0.2512675258103578, "straight": 0.2693712342234021}, "n": {"himself - straight": -0.018050420299046244, "himself": 0.2693702698528619, "straight": 0.28742069015190813}, "not": {"himself - straight": 0.05883792647737715, "himself": 0.26188157968261416, "straight": 0.203043653205237}, "of": {"himself - straight": 0.09005760260127421, "himself": 0.4149799409649638, "straight": 0.3249223383636896}, "on": {"himself - straight": -0.10787290454174381, "himself": 0.22194757523359687, "straight": 0.3298204797753407}, "one": {"himself - straight": 0.0645403218393889, "himself": 0.3740761974010825, "straight": 0.3095358755616936}, "or": {"himself - straight": -0.018053749873296332, "himself": 0.2684059093425819, "straight": 0.28645965921587824}, "out": {"himself - straight": -0.06713307275634917, "himself": 0.2798260792023133, "straight": 0.34695915195866245}, "people": {"himself - straight": -0.021098142578981793, "himself": 0.36416702995922007, "straight": 0.38526517253820186}, "reason": {"himself - straight": 0.05218329005243455, "himself": 0.408644140585384, "straight": 0.35646085053294946}, "s": {"himself - straight": -0.06875289531897072, "himself": 0.23352878657428566, "straight": 0.3022816818932564}, "said": {"himself - straight": 0.05430542995739451, "himself": 0.36724343725320524, "straight": 0.3129380072958107}, "saw": {"himself - straight": -0.01736653346575573, "himself": 0.3735568716692449, "straight": 0.3909234051350006}, "something": {"himself - straight": 0.05428708112623082, "himself": 0.3676183468050116, "straight": 0.3133312656787808}, "straight": {"himself - straight": -0.299128759918318, "himself": 0.4457447104334328, "straight": 0.7448734703517508}, "t": {"himself - straight": -0.01806125131089137, "himself": 0.26617179462137225, "straight": 0.2842330459322636}, "than": {"himself - straight": 0.055792586701630786, "himself": 0.3357003369771204, "straight": 0.2799077502754896}, "that": {"himself - straight": 0.2059246896327651, "himself": 0.42501470845926576, "straight": 0.21909001882650064}, "the": {"himself - straight": -0.061889974572386486, "himself": 0.3905958054933838, "straight": 0.4524857800657703}, "there": {"himself - straight": -0.1050117254549856, "himself": 0.2692821160500044, "straight": 0.37429384150499}, "they": {"himself - straight": 0.06809886294353168, "himself": 0.3085494639410857, "straight": 0.240450600997554}, "this": {"himself - straight": 0.12381723495229396, "himself": 0.37127642942719086, "straight": 0.2474591944748969}, "to": {"himself - straight": 0.06661720298245632, "himself": 0.3916079943314874, "straight": 0.3249907913490311}, "trying": {"himself - straight": 0.05319508755875041, "himself": 0.38937536398859895, "straight": 0.33618027642984855}, "up": {"himself - straight": -0.017960171714811568, "himself": 0.29122489406040614, "straight": 0.3091850657752177}, "was": {"himself - straight": 0.14817540432173687, "himself": 0.46666604711959947, "straight": 0.3184906427978626}, "white": {"himself - straight": -0.10730011116366889, "himself": 0.23215918173606442, "straight": 0.3394592928997333}, "who": {"himself - straight": 0.06874930463649637, "himself": 0.43300172891300465, "straight": 0.3642524242765083}, "with": {"himself - straight": -0.05256083838356512, "himself": 0.33117838866371346, "straight": 0.3837392270472786}, "www": {"himself - straight": 0.056636000821162935, "himself": 0.3166658899553392, "straight": 0.26002988913417624}, "you": {"himself - straight": -0.10873953870924627, "himself": 0.205580727883141, "straight": 0.31432026659238727}}