{"a": {"himself - them": 0.06963850664813931, "himself": 0.4042602380713353, "them": 0.334621731423196}, "after": {"himself - them": 0.17515028068691588, "himself": 0.3699204349915832, "them": 0.19477015430466735}, "agent": {"himself - them": 0.28250044823572906, "himself": 0.510319685506992, "them": 0.22781923727126294}, "aka": {"himself - them": 0.2869537624924027, "himself": 0.49487044730887914, "them": 0.2079166848164765}, "all": {"himself - them": 0.05594265435575824, "himself": 0.3413723566180032, "them": 0.28542970226224496}, "and": {"himself - them": -0.06159234409958109, "himself": 0.32793992150963874, "them": 0.38953226560921983}, "any": {"himself - them": 0.0765586004749621, "himself": 0.3326518904910585, "them": 0.2560932900160964}, "anyone": {"himself - them": 0.10521794074700519, "himself": 0.35392413949364904, "them": 0.24870619874664385}, "are": {"himself - them": -0.025898786733804136, "himself": 0.30481271002793237, "them": 0.3307114967617365}, "arrested": {"himself - them": 0.300072843243334, "himself": 0.44399183991753555, "them": 0.14391899667420155}, "avoid": {"himself - them": 0.22373785726667772, "himself": 0.4605671502639468, "them": 0.23682929299726907}, "bad": {"himself - them": 0.26747608744189083, "himself": 0.38019196069753664, "them": 0.11271587325564582}, "be": {"himself - them": 0.043950079551275945, "himself": 0.34310766491132555, "them": 0.2991575853600496}, "because": {"himself - them": 0.05235495160967557, "himself": 0.333940838198078, "them": 0.28158588658840245}, "before": {"himself - them": 0.164552450292104, "himself": 0.3668709390186548, "them": 0.2023184887265508}, "being": {"himself - them": 0.14701757309844668, "himself": 0.3554351624630274, "them": 0.20841758936458074}, "but": {"himself - them": 0.13031856716694995, "himself": 0.3991900301082231, "them": 0.2688714629412732}, "by": {"himself - them": 0.21343602010340124, "himself": 0.4359243480562185, "them": 0.22248832795281726}, "couple": {"himself - them": 0.23583149527973285, "himself": 0.3977926477519722, "them": 0.16196115247223936}, "d": {"himself - them": 0.20143038583834552, "himself": 0.3735568716692449, "them": 0.17212648583089937}, "day": {"himself - them": 0.20590554645422524, "himself": 0.340803473690107, "them": 0.13489792723588176}, "despite": {"himself - them": 0.21854666458936467, "himself": 0.48415046601796574, "them": 0.26560380142860107}, "did": {"himself - them": 0.22604039961449962, "himself": 0.43017606025596405, "them": 0.20413566064146443}, "drug": {"himself - them": 0.25617986986414754, "himself": 0.43911749480617934, "them": 0.18293762494203178}, "e": {"himself - them": 0.2611703779074708, "himself": 0.4146394211534098, "them": 0.153469043245939}, "either": {"himself - them": 0.21169844409525485, "himself": 0.4155587891066234, "them": 0.20386034501136857}, "even": {"himself - them": 0.10038957890152078, "himself": 0.3445342280246553, "them": 0.2441446491231345}, "everyone": {"himself - them": 0.18368732090427042, "himself": 0.39714461745594243, "them": 0.213457296551672}, "false": {"himself - them": 0.2037827419024444, "himself": 0.4581012316049836, "them": 0.25431848970253923}, "find": {"himself - them": 0.10547711687287181, "himself": 0.3510104423708422, "them": 0.2455333254979704}, "for": {"himself - them": 0.04418027882236625, "himself": 0.35542483936564445, "them": 0.3112445605432782}, "forum": {"himself - them": 0.26786781928311815, "himself": 0.37789171385894843, "them": 0.11002389457583027}, "friend": {"himself - them": 0.33550543296145574, "himself": 0.48683810710240255, "them": 0.1513326741409468}, "from": {"himself - them": 0.11153530892511282, "himself": 0.3608659054428824, "them": 0.24933059651776956}, "funny": {"himself - them": 0.21102172987689266, "himself": 0.41942091295297673, "them": 0.20839918307608407}, "future": {"himself - them": 0.21288936146399293, "himself": 0.408644140585384, "them": 0.19575477912139108}, "get": {"himself - them": 0.07764044856314911, "himself": 0.379124438522813, "them": 0.3014839899596639}, "god": {"himself - them": 0.18552423965012357, "himself": 0.3845904272958965, "them": 0.1990661876457729}, "gotten": {"himself - them": 0.22474899962352357, "himself": 0.45577402246581733, "them": 0.23102502284229376}, "guy": {"himself - them": 0.2167469574064901, "himself": 0.38510168793674837, "them": 0.16835473053025826}, "have": {"himself - them": -0.10964820860378607, "himself": 0.22094194845812734, "them": 0.3305901570619134}, "having": {"himself - them": 0.2623275688614963, "himself": 0.408644140585384, "them": 0.14631657172388773}, "he": {"himself - them": 0.23227036554809047, "himself": 0.3963642610234274, "them": 0.16409389547533695}, "here": {"himself - them": 0.17531834920624895, "himself": 0.38093250948706986, "them": 0.2056141602808209}, "him": {"himself - them": 0.32025513754816404, "himself": 0.4366755076356669, "them": 0.11642037008750289}, "his": {"himself - them": 0.22303013783394743, "himself": 0.34202267292408417, "them": 0.11899253509013676}, "home": {"himself - them": 0.13822418141470938, "himself": 0.3602105552189666, "them": 0.22198637380425723}, "https": {"himself - them": 0.2688018540334366, "himself": 0.3723187620458866, "them": 0.10351690801244999}, "i": {"himself - them": 0.04853996839915753, "himself": 0.39378766399378756, "them": 0.34524769559463003}, "if": {"himself - them": -0.03259954998173947, "himself": 0.2684059093425819, "them": 0.3010054593243214}, "immigration": {"himself - them": 0.25767203312398246, "himself": 0.4320157480588263, "them": 0.17434371493484388}, "in": {"himself - them": 0.1045351910892306, "himself": 0.42919695864450363, "them": 0.32466176755527304}, "into": {"himself - them": 0.0949456149234551, "himself": 0.34530774686976357, "them": 0.25036213194630846}, "iraq": {"himself - them": 0.28250044823572906, "himself": 0.510319685506992, "them": 0.22781923727126294}, "is": {"himself - them": -0.014991631449300435, "himself": 0.2726847912611772, "them": 0.2876764227104776}, "it": {"himself - them": 0.08115255225538798, "himself": 0.3796146110184662, "them": 0.29846205876307824}, "jew": {"himself - them": 0.1733168913900904, "himself": 0.3835820623019155, "them": 0.2102651709118251}, "just": {"himself - them": 0.0744915250226173, "himself": 0.35895371363158113, "them": 0.28446218860896383}, "killed": {"himself - them": 0.25938905154634806, "himself": 0.4236210647752854, "them": 0.16423201322893732}, "know": {"himself - them": 0.07293265546774602, "himself": 0.32098550943633436, "them": 0.24805285396858834}, "live": {"himself - them": 0.20409406876934258, "himself": 0.35452402539096683, "them": 0.15042995662162426}, "lol": {"himself - them": 0.263864717574124, "himself": 0.40046889226648613, "them": 0.13660417469236216}, "m": {"himself - them": 0.13509028835963713, "himself": 0.314685562484159, "them": 0.1795952741245219}, "maybe": {"himself - them": 0.12963744504374028, "himself": 0.3691428020004901, "them": 0.23950535695674982}, "me": {"himself - them": 0.07486432373786459, "himself": 0.28983137523719216, "them": 0.21496705149932757}, "might": {"himself - them": 0.17063972411506928, "himself": 0.40257141806352265, "them": 0.23193169394845337}, "moment": {"himself - them": 0.30084580168201736, "himself": 0.440683318492337, "them": 0.1398375168103196}, "more": {"himself - them": 0.12157043619722341, "himself": 0.3863960505065221, "them": 0.2648256143092987}, "my": {"himself - them": 0.014460452042667493, "himself": 0.2512675258103578, "them": 0.23680707376769028}, "n": {"himself - them": 0.013968485045590229, "himself": 0.2693702698528619, "them": 0.25540178480727166}, "negro": {"himself - them": 0.23900991810963623, "himself": 0.37880042561957084, "them": 0.1397905075099346}, "new": {"himself - them": 0.19281910493888763, "himself": 0.32893112589795254, "them": 0.1361120209590649}, "nordic": {"himself - them": 0.3049159283420602, "himself": 0.4225357727084399, "them": 0.11761984436637966}, "not": {"himself - them": -0.05141898752624674,