{"28": {"straight - woman": 0.11084253899703861, "straight": 0.42373664819459744, "woman": 0.31289410919755883}, "5": {"straight - woman": 0.1184076294362234, "straight": 0.3338893957534928, "woman": 0.2154817663172694}, "88": {"straight - woman": 0.11744255919062357, "straight": 0.34713312175528466, "woman": 0.22969056256466108}, "a": {"straight - woman": -0.06427488928043229, "straight": 0.38183609640945093, "woman": 0.4461109856898832}, "about": {"straight - woman": 0.02813260533172185, "straight": 0.3042207300556449, "woman": 0.276088124723923}, "ago": {"straight - woman": 0.06099749975935609, "straight": 0.3137271056866605, "woman": 0.2527296059273044}, "all": {"straight - woman": 0.13651083754938162, "straight": 0.3627053357483399, "woman": 0.2261944981989583}, "an": {"straight - woman": -0.004487808763760315, "straight": 0.3260393466080933, "woman": 0.3305271553718536}, "and": {"straight - woman": 0.056875068746882085, "straight": 0.4293097612408512, "woman": 0.3724346924939691}, "any": {"straight - woman": 0.024316407942116147, "straight": 0.2767214991105205, "woman": 0.25240509116840437}, "anyone": {"straight - woman": 0.12070724127332075, "straight": 0.2989771050176965, "woman": 0.17826986374437573}, "are": {"straight - woman": 0.029005371821519882, "straight": 0.23652837246058991, "woman": 0.20752300063907003}, "around": {"straight - woman": 0.12133757527592612, "straight": 0.2883473960336974, "woman": 0.1670098207577713}, "as": {"straight - woman": 0.06062599462836987, "straight": 0.3294514313220935, "woman": 0.2688254366937236}, "at": {"straight - woman": 0.0775391089773691, "straight": 0.34327127309886696, "woman": 0.26573216412149786}, "be": {"straight - woman": -0.06613714024273196, "straight": 0.19977459463026812, "woman": 0.26591173487300007}, "beliefs": {"straight - woman": 0.11148624278715141, "straight": 0.41707448504150996, "woman": 0.30558824225435854}, "black": {"straight - woman": -0.09751399705529923, "straight": 0.32203084912957647, "woman": 0.4195448461848757}, "buisiness": {"straight - woman": 0.10293893258954384, "straight": 0.49642195892428814, "woman": 0.3934830263347443}, "by": {"straight - woman": -0.09348448199011788, "straight": 0.24382773418783438, "woman": 0.33731221617795226}, "ca": {"straight - woman": 0.11848629027480226, "straight": 0.33277794611722056, "woman": 0.2142916558424183}, "can": {"straight - woman": 0.14902091871843998, "straight": 0.359154126560831, "woman": 0.21013320784239103}, "com": {"straight - woman": 0.07007178932888142, "straight": 0.34002948393734406, "woman": 0.26995769460846264}, "could": {"straight - woman": -0.003972878618421383, "straight": 0.29301389443322184, "woman": 0.2969867730516432}, "do": {"straight - woman": 0.18870120800712348, "straight": 0.3727461741286521, "woman": 0.1840449661215286}, "down": {"straight - woman": 0.1345192368359267, "straight": 0.3658209180335156, "woman": 0.23130168119758887}, "eyes": {"straight - woman": 0.06723233489445862, "straight": 0.3961156168248749, "woman": 0.32888328193041627}, "face": {"straight - woman": 0.1278345610867903, "straight": 0.4315604574058303, "woman": 0.30372589631904}, "fear": {"straight - woman": 0.11461037303725108, "straight": 0.38252548731623814, "woman": 0.26791511427898707}, "few": {"straight - woman": 0.06213208434281972, "straight": 0.2799077502754896, "woman": 0.21777566593266987}, "find": {"straight - woman": -0.045650591894317694, "straight": 0.2959257125255836, "woman": 0.3415763044199013}, "for": {"straight - woman": -0.044836917910599516, "straight": 0.3203533641091038, "woman": 0.3651902820197033}, "force": {"straight - woman": 0.0582356635082642, "straight": 0.3811162280957463, "woman": 0.3228805645874821}, "from": {"straight - woman": 0.048280092013518155, "straight": 0.29556139607278875, "woman": 0.2472813040592706}, "full": {"straight - woman": 0.1168613256124037, "straight": 0.35478780946241734, "woman": 0.23792648385001364}, "get": {"straight - woman": 0.010743152930374755, "straight": 0.3148824141072192, "woman": 0.3041392611768444}, "gets": {"straight - woman": 0.11631152238957035, "straight": 0.3618281889745671, "woman": 0.24551666658499674}, "go": {"straight - woman": 0.02443159214765131, "straight": 0.26642458734638924, "woman": 0.24199299519873793}, "god": {"straight - woman": 0.18929726463639346, "straight": 0.4018470479904234, "woman": 0.21254978335402996}, "good": {"straight - woman": -0.06402423207780894, "straight": 0.25497330014506303, "woman": 0.31899753222287197}, "got": {"straight - woman": 0.19415083013850784, "straight": 0.3634399340190368, "woman": 0.16928910388052895}, "green": {"straight - woman": 0.11527459884314367, "straight": 0.3746263385818635, "woman": 0.25935173973871983}, "guy": {"straight - woman": -0.0037825827744263907, "straight": 0.3316878841906396, "woman": 0.335470466965066}, "hair": {"straight - woman": 0.02355286710199439, "straight": 0.33445343173489683, "woman": 0.31090056463290244}, "half": {"straight - woman": 0.11764944444000858, "straight": 0.3443524322234662, "woman": 0.2267029877834576}, "has": {"straight - woman": 0.12279775480440558, "straight": 0.2612632407232195, "woman": 0.1384654859188139}, "have": {"straight - woman": 0.02897819059883186, "straight": 0.23909124799078407, "woman": 0.2101130573919522}, "he": {"straight - woman": -0.0041393584308689335, "straight": 0.2586460892447446, "woman": 0.2627854476756135}, "her": {"straight - woman": -0.1354484491519765, "straight": 0.27304419491273574, "woman": 0.40849264406471225}, "here": {"straight - woman": -0.0042215448434679, "straight": 0.2414886356985289, "woman": 0.2457101805419968}, "him": {"straight - woman": 0.12040738203483178, "straight": 0.3038507750010588, "woman": 0.183443392966227}, "i": {"straight - woman": 0.03883318952216919, "straight": 0.3018517670586181, "woman": 0.2630185775364489}, "if": {"straight - woman": 0.010865659051994103, "straight": 0.28645965921587824, "woman": 0.27559400016388413}, "in": {"straight - woman": -0.07609011295396495, "straight": 0.31231863248665903, "woman": 0.388408745440624}, "into": {"straight - woman": 0.24085146156014506, "straight": 0.4095634908864201, "woman": 0.16871202932627502}, "is": {"straight - woman": 0.05589251862523359, "straight": 0.3270402666065012, "woman": 0.2711477479812676}, "it": {"straight - woman": 0.13014816396321532, "straight": 0.38423921268357064, "woman": 0.2540910487203553}, "its": {"straight - woman": 0.061898456268294405, "straight": 0.28729646561985855, "woman": 0.22539800935156415}, "just": {"straight - woman": 0.09760289941276429, "straight": 0.34281121348676663, "woman": 0.24520831407400234}, "keep": {"straight - woman": 0.06044792233138385, "straight": 0.328537501709687, "woman": 0.26808957937830313}, "kids": {"straight - woman": 0.12138311587074219, "straight": 0.28755761696981386, "woman": 0.16617450109907167}, "like": {"straight - woman": 0.03079674440956709, "straight": 0.3325229695409958, "woman": 0.3017262251314287}, "local": {"straight - woman": 0.05901163827983302, "straight": 0.36374884666469964, "woman": 0.3047372083848666}, "look": {"straight - woman": 0.024084619830537557, "straight": 0.2959257125255836, "woman": 0.271841092695046}, "looking": {"straight - woman": -0.04541228150294324, "straight": 0.3028451672976125, "woman": 0.34825744880055576}, "love": {"straight - woman": 0.11844719813666532, "straight": 0.3333309402764944, "woman": 0.21488374213982908}, "male": {"straight - woman": 0.12729547570239397, "straight": 0.4362836667463296, "woman": 0.30898819104393566}, "me": {"straight - woman": -0.018456421895532316, "straight": 0.30779814671289707, "woman": 0.3262545686084294}, "more": {"straight - woman": 0.11907347782487893, "straight": 0.37081992174745193, "woman": 0.251746443922573}, "much": {"straight - woman": 0.12064963927382052, "straight": 0.2999220025134418, "woman": 0.17927236323962129}, "my": {"straight - woman": 0.028622164138237677, "straight": 0.2693712342234021, "woman": 0.2407490700851644},