{"5": {"she - straight": -0.1344535328300532, "she": 0.1994358629234396, "straight": 0.3338893957534928}, "88": {"she - straight": -0.1855178020227729, "she": 0.16161531973251175, "straight": 0.34713312175528466}, "a": {"she - straight": -0.027680255815199895, "she": 0.35415584059425104, "straight": 0.38183609640945093}, "about": {"she - straight": -0.03165216265905163, "she": 0.27256856739659324, "straight": 0.3042207300556449}, "ago": {"she - straight": -0.04115606792163168, "she": 0.27257103776502883, "straight": 0.3137271056866605}, "all": {"she - straight": -0.21100034759897238, "she": 0.15170498814936753, "straight": 0.3627053357483399}, "almost": {"she - straight": -0.1840968669826618, "she": 0.17409222906697508, "straight": 0.3581890960496369}, "although": {"she - straight": -0.17831113017197467, "she": 0.2212677785617708, "straight": 0.39957890873374546}, "an": {"she - straight": -0.11880063552246492, "she": 0.20723871108562839, "straight": 0.3260393466080933}, "and": {"she - straight": -0.057431628842039784, "she": 0.3718781323988114, "straight": 0.4293097612408512}, "any": {"she - straight": -0.13969659627397574, "she": 0.13702490283654478, "straight": 0.2767214991105205}, "anyone": {"she - straight": -0.1377632348993282, "she": 0.16121387011836827, "straight": 0.2989771050176965}, "are": {"she - straight": -0.0523292301031425, "she": 0.18419914235744742, "straight": 0.23652837246058991}, "around": {"she - straight": -0.1049121268566705, "she": 0.1834352691770269, "straight": 0.2883473960336974}, "as": {"she - straight": -0.0908782769322711, "she": 0.23857315438982238, "straight": 0.3294514313220935}, "at": {"she - straight": -0.07344058562972194, "she": 0.269830687469145, "straight": 0.34327127309886696}, "attention": {"she - straight": -0.1796762347419557, "she": 0.21059945865277802, "straight": 0.3902756933947337}, "bag": {"she - straight": -0.09371438936759635, "she": 0.3233600956739136, "straight": 0.41707448504150996}, "be": {"she - straight": 0.02675054025801671, "she": 0.22652513488828482, "straight": 0.19977459463026812}, "became": {"she - straight": -0.12518020254984596, "she": 0.291894282491664, "straight": 0.41707448504150996}, "black": {"she - straight": -0.057309694229687014, "she": 0.26472115489988945, "straight": 0.32203084912957647}, "blonde": {"she - straight": -0.12518020254984596, "she": 0.291894282491664, "straight": 0.41707448504150996}, "by": {"she - straight": -0.01561429605811801, "she": 0.22821343812971637, "straight": 0.24382773418783438}, "ca": {"she - straight": -0.1872853907307339, "she": 0.14549255538648664, "straight": 0.33277794611722056}, "can": {"she - straight": -0.14015478740233753, "she": 0.21899933915849348, "straight": 0.359154126560831}, "college": {"she - straight": -0.18560710613360049, "she": 0.16081736735176017, "straight": 0.34642447348536065}, "com": {"she - straight": -0.18071573930136853, "she": 0.15931374463597553, "straight": 0.34002948393734406}, "community": {"she - straight": -0.1840968669826618, "she": 0.17409222906697508, "straight": 0.3581890960496369}, "could": {"she - straight": -0.05915210186134584, "she": 0.233861792571876, "straight": 0.29301389443322184}, "day": {"she - straight": -0.05956925642676003, "she": 0.22567464926765918, "straight": 0.2852439056944192}, "did": {"she - straight": -0.014094450000917191, "she": 0.28242991210529783, "straight": 0.296524362106215}, "do": {"she - straight": -0.14649398943538203, "she": 0.22625218469327005, "straight": 0.3727461741286521}, "down": {"she - straight": -0.15221552646829073, "she": 0.21360539156522484, "straight": 0.3658209180335156}, "either": {"she - straight": -0.2520824862245751, "she": 0.18038623680931973, "straight": 0.43246872303389483}, "eyes": {"she - straight": -0.11168357335743911, "she": 0.2844320434674358, "straight": 0.3961156168248749}, "face": {"she - straight": -0.2522725083893941, "she": 0.17928794901643624, "straight": 0.4315604574058303}, "failed": {"she - straight": -0.17254496703554068, "she": 0.2637941228804734, "straight": 0.43633908991601406}, "few": {"she - straight": -0.08023755750796585, "she": 0.19967019276752374, "straight": 0.2799077502754896}, "find": {"she - straight": -0.1043420938785675, "she": 0.1915836186470161, "straight": 0.2959257125255836}, "for": {"she - straight": -0.058158245903864814, "she": 0.262195118205239, "straight": 0.3203533641091038}, "from": {"she - straight": 0.009881667824054807, "she": 0.30544306389684356, "straight": 0.29556139607278875}, "get": {"she - straight": -0.03946944911734046, "she": 0.2754129649898787, "straight": 0.3148824141072192}, "gets": {"she - straight": -0.07468651900413292, "she": 0.28714166997043417, "straight": 0.3618281889745671}, "getting": {"she - straight": -0.13280440618341893, "she": 0.21726030625072967, "straight": 0.3500647124341486}, "go": {"she - straight": -0.028258253528274435, "she": 0.2381663338181148, "straight": 0.26642458734638924}, "good": {"she - straight": -0.0437663603070888, "she": 0.21120693983797423, "straight": 0.25497330014506303}, "got": {"she - straight": -0.0872032331905761, "she": 0.2762367008284607, "straight": 0.3634399340190368}, "ground": {"she - straight": -0.18014484080692092, "she": 0.2068766566286345, "straight": 0.3870214974355554}, "guy": {"she - straight": -0.13467229614741708, "she": 0.19701558804322253, "straight": 0.3316878841906396}, "hair": {"she - straight": -0.04020133054035557, "she": 0.29425210119454126, "straight": 0.33445343173489683}, "has": {"she - straight": 0.03593233917780353, "she": 0.297195579901023, "straight": 0.2612632407232195}, "have": {"she - straight": -0.12607510834076374, "she": 0.11301613965002033, "straight": 0.23909124799078407}, "he": {"she - straight": -0.04360734581537068, "she": 0.2150387434293739, "straight": 0.2586460892447446}, "head": {"she - straight": -0.1313515806791527, "she": 0.23239726598554694, "straight": 0.36374884666469964}, "her": {"she - straight": 0.22843509436077974, "she": 0.5014792892735155, "straight": 0.27304419491273574}, "here": {"she - straight": -0.029155989329559123, "she": 0.21233264636896979, "straight": 0.2414886356985289}, "him": {"she - straight": -0.0787060712798704, "she": 0.2251447037211884, "straight": 0.3038507750010588}, "https": {"she - straight": -0.18898443371766313, "she": 0.12927863943396703, "straight": 0.31826307315163016}, "i": {"she - straight": 0.014055642073834695, "she": 0.3159074091324528, "straight": 0.3018517670586181}, "if": {"she - straight": 0.009732689335315126, "she": 0.29619234855119336, "straight": 0.28645965921587824}, "in": {"she - straight": 0.003628540360198662, "she": 0.3159471728468577, "straight": 0.31231863248665903}, "info": {"she - straight": -0.13042190515408594, "she": 0.24183138586937872, "straight": 0.37225329102346466}, "into": {"she - straight": -0.2581705597669939, "she": 0.15139293111942623, "straight": 0.4095634908864201}, "is": {"she - straight": 0.03449952245964427, "she": 0.3615397890661455, "straight": 0.3270402666065012}, "it": {"she - straight": -0.11365359583937856, "she": 0.2705856168441921, "straight": 0.38423921268357064}, "its": {"she - straight": -0.19231607338929213, "she": 0.09498039223056642, "straight": 0.28729646561985855}, "job": {"she - straight": -0.183617759708365, "she": 0.1782104292662021, "straight": 0.3618281889745671}, "just": {"she - straight": -0.0659911933030145, "she": 0.2768200201837521, "straight": 0.34281121348676663}, "kids": {"she - straight": -0.02749420262709923, "she": 0.2600634143427146, "straight": 0.28755761696981386}, "like": {"she - straight": -0.03395754565860615, "she": 0.29856542388238966, "straight": 0.3325229695409958}, "look": {"she - straight": -0.07922126947159591, "she": 0.21670444305398767, "straight": 0.2959257125255836}, "looking": {"she - straight": -0.19069283891425323, "she": 0.11215232838335928, "straight": 0.3028451672976125}, "looks": {"she - straight": -0.04003795617526984, "she": 0.2979240911568148, "straight": 0.3379620473320846},