{"a": {"man - straight": 0.01224645418607706, "man": 0.394082550595528, "straight": 0.38183609640945093}, "about": {"man - straight": -0.09847345968252863, "man": 0.20574727037311624, "straight": 0.3042207300556449}, "ago": {"man - straight": -0.10298155862655248, "man": 0.21074554706010803, "straight": 0.3137271056866605}, "all": {"man - straight": -0.1025501597050742, "man": 0.2601551760432657, "straight": 0.3627053357483399}, "almost": {"man - straight": -0.09999356619531474, "man": 0.25819552985432215, "straight": 0.3581890960496369}, "an": {"man - straight": -0.014231983274752391, "man": 0.3118073633333409, "straight": 0.3260393466080933}, "and": {"man - straight": -0.05050212548085581, "man": 0.3788076357599954, "straight": 0.4293097612408512}, "any": {"man - straight": -0.10511057355334838, "man": 0.17161092555717214, "straight": 0.2767214991105205}, "anyone": {"man - straight": -0.10386887086970459, "man": 0.1951082341479919, "straight": 0.2989771050176965}, "are": {"man - straight": -0.0048540752631563155, "man": 0.2316742971974336, "straight": 0.23652837246058991}, "around": {"man - straight": -0.06924419708482471, "man": 0.2191031989488727, "straight": 0.2883473960336974}, "as": {"man - straight": -0.064510813017226, "man": 0.2649406183048675, "straight": 0.3294514313220935}, "at": {"man - straight": -0.09936845621082699, "man": 0.24390281688803997, "straight": 0.34327127309886696}, "band": {"man - straight": -0.15349681873866539, "man": 0.21025202792603426, "straight": 0.36374884666469964}, "be": {"man - straight": 0.03940719128542777, "man": 0.2391817859156959, "straight": 0.19977459463026812}, "black": {"man - straight": 0.06871199706209857, "man": 0.39074284619167504, "straight": 0.32203084912957647}, "by": {"man - straight": 0.060886878373040465, "man": 0.30471461256087484, "straight": 0.24382773418783438}, "ca": {"man - straight": -0.10175910817153178, "man": 0.23101883794568878, "straight": 0.33277794611722056}, "can": {"man - straight": -0.14678231808588657, "man": 0.21237180847494444, "straight": 0.359154126560831}, "centre": {"man - straight": -0.14703098849597523, "man": 0.2732420658933597, "straight": 0.42027305438933493}, "college": {"man - straight": -0.15523043957772967, "man": 0.19119403390763098, "straight": 0.34642447348536065}, "com": {"man - straight": -0.09626254479316185, "man": 0.2437669391441822, "straight": 0.34002948393734406}, "could": {"man - straight": -0.0690540548852539, "man": 0.22395983954796794, "straight": 0.29301389443322184}, "day": {"man - straight": -0.003910962756443759, "man": 0.28133294293797545, "straight": 0.2852439056944192}, "did": {"man - straight": -0.06890883815033785, "man": 0.22761552395587717, "straight": 0.296524362106215}, "do": {"man - straight": -0.15180757616190338, "man": 0.2209385979667487, "straight": 0.3727461741286521}, "dot": {"man - straight": -0.147798032376258, "man": 0.26630272666862, "straight": 0.414100759044878}, "down": {"man - straight": -0.14186107848554763, "man": 0.22395983954796794, "straight": 0.3658209180335156}, "either": {"man - straight": -0.22221669510786057, "man": 0.21025202792603426, "straight": 0.43246872303389483}, "eyes": {"man - straight": -0.13870617642193905, "man": 0.25740944040293584, "straight": 0.3961156168248749}, "face": {"man - straight": -0.2223777923928948, "man": 0.20918266501293553, "straight": 0.4315604574058303}, "few": {"man - straight": -0.1049399419045689, "man": 0.17496780837092069, "straight": 0.2799077502754896}, "find": {"man - straight": -0.06893373471597494, "man": 0.22699197780960864, "straight": 0.2959257125255836}, "for": {"man - straight": 0.011205872017010066, "man": 0.3315592361261139, "straight": 0.3203533641091038}, "force": {"man - straight": -0.06484010589727923, "man": 0.31627612219846707, "straight": 0.3811162280957463}, "forward": {"man - straight": -0.15021778811950856, "man": 0.24355644748087787, "straight": 0.39377423560038644}, "from": {"man - straight": -0.025421515164758324, "man": 0.2701398809080304, "straight": 0.29556139607278875}, "full": {"man - straight": -0.06622419725236123, "man": 0.2885636122100561, "straight": 0.35478780946241734}, "get": {"man - straight": -0.09784525045259362, "man": 0.21703716365462555, "straight": 0.3148824141072192}, "gets": {"man - straight": -0.15369469494849797, "man": 0.20813349402606912, "straight": 0.3618281889745671}, "getting": {"man - straight": -0.1548757096854008, "man": 0.19518900274874781, "straight": 0.3500647124341486}, "go": {"man - straight": -0.04351839886329195, "man": 0.2229061884830973, "straight": 0.26642458734638924}, "god": {"man - straight": -0.2273602529436063, "man": 0.17448679504681713, "straight": 0.4018470479904234}, "good": {"man - straight": -0.0705080086937438, "man": 0.18446529145131924, "straight": 0.25497330014506303}, "got": {"man - straight": -0.07682604985324981, "man": 0.286613884165787, "straight": 0.3634399340190368}, "guy": {"man - straight": -0.04168993272614829, "man": 0.2899979514644913, "straight": 0.3316878841906396}, "hair": {"man - straight": -0.10164745868277716, "man": 0.23280597305211967, "straight": 0.33445343173489683}, "half": {"man - straight": -0.1554300937479498, "man": 0.18892233847551637, "straight": 0.3443524322234662}, "has": {"man - straight": 0.038280733640668585, "man": 0.2995439743638881, "straight": 0.2612632407232195}, "have": {"man - straight": -0.015207197828629476, "man": 0.2238840501621546, "straight": 0.23909124799078407}, "he": {"man - straight": 0.04981579887032278, "man": 0.30846188811506736, "straight": 0.2586460892447446}, "head": {"man - straight": -0.15349681873866539, "man": 0.21025202792603426, "straight": 0.36374884666469964}, "her": {"man - straight": -0.021982687250561017, "man": 0.2510615076621747, "straight": 0.27304419491273574}, "here": {"man - straight": -0.004101640090345082, "man": 0.23738699560818383, "straight": 0.2414886356985289}, "him": {"man - straight": 0.025093486323923997, "man": 0.3289442613249828, "straight": 0.3038507750010588}, "https": {"man - straight": -0.10269832532871412, "man": 0.21556474782291604, "straight": 0.31826307315163016}, "i": {"man - straight": -0.0062843037938110635, "man": 0.29556746326480704, "straight": 0.3018517670586181}, "if": {"man - straight": -0.08088311778067239, "man": 0.20557654143520585, "straight": 0.28645965921587824}, "in": {"man - straight": 0.05803054911825134, "man": 0.37034918160491037, "straight": 0.31231863248665903}, "into": {"man - straight": -0.2796983446948067, "man": 0.1298651461916134, "straight": 0.4095634908864201}, "is": {"man - straight": -0.021201646269285557, "man": 0.30583862033721565, "straight": 0.3270402666065012}, "it": {"man - straight": -0.11519051451036594, "man": 0.2690486981732047, "straight": 0.38423921268357064}, "its": {"man - straight": -0.16029066333106431, "man": 0.12700580228879424, "straight": 0.28729646561985855}, "job": {"man - straight": -0.15369469494849797, "man": 0.20813349402606912, "straight": 0.3618281889745671}, "just": {"man - straight": -0.09939999639641844, "man": 0.2434112170903482, "straight": 0.34281121348676663}, "left": {"man - straight": -0.22614528765250905, "man": 0.18326121938496884, "straight": 0.4094065070374779}, "life": {"man - straight": -0.1560916174831895, "man": 0.1812701674482487, "straight": 0.3373617849314382}, "like": {"man - straight": 0.01493390066268424, "man": 0.34745687020368005, "straight": 0.3325229695409958}, "local": {"man - straight": -0.15349681873866539, "man": 0.21025202792603426, "straight": 0.36374884666469964}, "look": {"man - straight": -0.06893373471597494, "man": 0.22699197780960864, "straight": 0.2959257125255836}, "looking": {"man - straight": -0.04254570602530433, "man": 0.2602994612723082, "straight": 0.3028451672976125}, "looks": {"man - straight": -0.10141148185659932, "man": 0.2365505654754853, "straight": 0.3379620473320846}, "love": {"man - straight": -0.1017223323640506, "man": 0.2316086079124438, "straight": 0.3333309402764944},