{"a": {"him - himself": -0.04247593267408195, "him": 0.36178430539725337, "himself": 0.4042602380713353}, "abraham": {"him - himself": -0.19495000927673778, "him": 0.326975622735601, "himself": 0.5219256320123388}, "after": {"him - himself": -0.11019377446873835, "him": 0.2597266605228449, "himself": 0.3699204349915832}, "all": {"him - himself": -0.07949149174935666, "him": 0.26188086486864653, "himself": 0.3413723566180032}, "and": {"him - himself": 0.07180990380064955, "him": 0.3997498253102883, "himself": 0.32793992150963874}, "any": {"him - himself": -0.1742207871633869, "him": 0.15843110332767157, "himself": 0.3326518904910585}, "are": {"him - himself": -0.11247915050446375, "him": 0.19233355952346862, "himself": 0.30481271002793237}, "arrested": {"him - himself": -0.21158682877684526, "him": 0.2324050111406903, "himself": 0.44399183991753555}, "ass": {"him - himself": -0.15884807482604874, "him": 0.2887232099089763, "himself": 0.44757128473502505}, "bad": {"him - himself": -0.1345226432488537, "him": 0.24566931744868292, "himself": 0.38019196069753664}, "be": {"him - himself": -0.05465147343691423, "him": 0.2884561914744113, "himself": 0.34310766491132555}, "because": {"him - himself": -0.0924838852573916, "him": 0.24145695294068642, "himself": 0.333940838198078}, "before": {"him - himself": -0.1702070992470976, "him": 0.19666383977155721, "himself": 0.3668709390186548}, "being": {"him - himself": -0.11151953220829472, "him": 0.2439156302547327, "himself": 0.3554351624630274}, "but": {"him - himself": -0.13403026046033206, "him": 0.26515976964789106, "himself": 0.3991900301082231}, "by": {"him - himself": -0.18227024175929246, "him": 0.25365410629692603, "himself": 0.4359243480562185}, "camera": {"him - himself": -0.20597438095658788, "him": 0.2663042096598264, "himself": 0.47227859061641425}, "chatroom": {"him - himself": -0.1904212595494823, "him": 0.35012035961205135, "himself": 0.5405416191615336}, "cheering": {"him - himself": -0.1904212595494823, "him": 0.35012035961205135, "himself": 0.5405416191615336}, "couple": {"him - himself": -0.21974119937056386, "him": 0.17805144838140835, "himself": 0.3977926477519722}, "d": {"him - himself": -0.10985301732243968, "him": 0.2637038543468052, "himself": 0.3735568716692449}, "day": {"him - himself": -0.11280758237793648, "him": 0.22799589131217052, "himself": 0.340803473690107}, "dealer": {"him - himself": -0.1996159464063516, "him": 0.30212145866089246, "himself": 0.5017374050672441}, "despite": {"him - himself": -0.20347558960910922, "him": 0.2806748764088565, "himself": 0.48415046601796574}, "did": {"him - himself": -0.1523101686870162, "him": 0.27786589156894786, "himself": 0.43017606025596405}, "digital": {"him - himself": -0.19495000927673778, "him": 0.326975622735601, "himself": 0.5219256320123388}, "drug": {"him - himself": -0.16016510542140605, "him": 0.2789523893847733, "himself": 0.43911749480617934}, "e": {"him - himself": -0.21691104179631404, "him": 0.19772837935709575, "himself": 0.4146394211534098}, "either": {"him - himself": -0.21675189080642934, "him": 0.19880689830019407, "himself": 0.4155587891066234}, "even": {"him - himself": -0.13829073799520955, "him": 0.20624349002944573, "himself": 0.3445342280246553}, "everyone": {"him - himself": -0.2198468152405025, "him": 0.17729780221543992, "himself": 0.39714461745594243}, "find": {"him - himself": -0.11191445380780846, "him": 0.23909598856303377, "himself": 0.3510104423708422}, "for": {"him - himself": -0.050138679378059436, "him": 0.305286159987585, "himself": 0.35542483936564445}, "forum": {"him - himself": -0.2228758205114109, "him": 0.15501589334753754, "himself": 0.37789171385894843}, "friend": {"him - himself": -0.20471091792273127, "him": 0.2821271891796713, "himself": 0.48683810710240255}, "from": {"him - himself": -0.03938560237611566, "him": 0.3214803030667667, "himself": 0.3608659054428824}, "fun": {"him - himself": -0.21190619823610204, "him": 0.2304003126663697, "himself": 0.44230651090247175}, "funny": {"him - himself": -0.21607797672632992, "him": 0.20334293622664681, "himself": 0.41942091295297673}, "get": {"him - himself": -0.07672607104052248, "him": 0.30239836748229054, "himself": 0.379124438522813}, "god": {"him - himself": -0.08851664734681386, "him": 0.2960737799490826, "himself": 0.3845904272958965}, "gotten": {"him - himself": -0.20930711592270862, "him": 0.2464669065431087, "himself": 0.45577402246581733}, "guy": {"him - himself": -0.05665281277396189, "him": 0.3284488751627865, "himself": 0.38510168793674837}, "have": {"him - himself": 0.058052218284801976, "him": 0.2789941667429293, "himself": 0.22094194845812734}, "having": {"him - himself": -0.21793691227056922, "him": 0.1907072283148148, "himself": 0.408644140585384}, "he": {"him - himself": 0.05748424984085554, "him": 0.45384851086428296, "himself": 0.3963642610234274}, "here": {"him - himself": -0.19827245926616646, "him": 0.1826600502209034, "himself": 0.38093250948706986}, "him": {"him - himself": 0.23477401658407387, "him": 0.6714495242197408, "himself": 0.4366755076356669}, "himself": {"him - himself": -0.43978834972233366, "him": 0.31012384021018496, "himself": 0.7499121899325186}, "his": {"him - himself": 0.11312712413576476, "him": 0.4551497970598489, "himself": 0.34202267292408417}, "home": {"him - himself": -0.1110880410711009, "him": 0.2491225141478657, "himself": 0.3602105552189666}, "https": {"him - himself": -0.22371354380492103, "him": 0.14860521824096556, "himself": 0.3723187620458866}, "i": {"him - himself": -0.028368664278546396, "him": 0.36541899971524117, "himself": 0.39378766399378756}, "if": {"him - himself": 0.05076398829003009, "him": 0.319169897632612, "himself": 0.2684059093425819}, "in": {"him - himself": -0.11784366990733125, "him": 0.3113532887371724, "himself": 0.42919695864450363}, "into": {"him - himself": -0.11241652178986689, "him": 0.23289122507989668, "himself": 0.34530774686976357}, "is": {"him - himself": 0.0007887786187135704, "him": 0.27347356987989074, "himself": 0.2726847912611772}, "islam": {"him - himself": -0.20782962474040617, "him": 0.2553613880073394, "himself": 0.46319101274774555}, "it": {"him - himself": -0.10077373742175527, "him": 0.27884087359671095, "himself": 0.3796146110184662}, "jew": {"him - himself": -0.16807523523812462, "him": 0.21550682706379087, "himself": 0.3835820623019155}, "just": {"him - himself": -0.06147116249296436, "him": 0.29748255113861677, "himself": 0.35895371363158113}, "killed": {"him - himself": -0.1293972377506667, "him": 0.2942238270246187, "himself": 0.4236210647752854}, "know": {"him - himself": -0.0756714772185669, "him": 0.24531403221776746, "himself": 0.32098550943633436}, "live": {"him - himself": -0.22627227868782715, "him": 0.12825174670313969, "himself": 0.35452402539096683}, "lol": {"him - himself": -0.1072317163303913, "him": 0.29323717593609483, "himself": 0.40046889226648613}, "m": {"him - himself": -0.17614125305345069, "him": 0.13854430943070833, "himself": 0.314685562484159}, "mail": {"him - himself": -0.21278831586431046, "him": 0.22481649586413494, "himself": 0.4376048117284454}, "maybe": {"him - himself": -0.16992393744120698, "him": 0.19921886455928312, "himself": 0.3691428020004901}, "me": {"him - himself": -0.07752785628763373, "him": 0.21230351894955843, "himself": 0.28983137523719216}, "might": {"him - himself": -0.21895494540370716, "him": 0.18361647265981548, "himself": 0.40257141806352265}, "more": {"him - himself": -0.22373530056760316, "him": 0.16266074993891894, "himself": 0.3863960505065221}, "morning": {"him - himself": -0.1599234379445006, "him": 0.2807598805478364, "himself": 0.440683318492337}, "my": {"him - himself": -0.0044002889271945456, "him": 0.24686723688316323, "himself": 0.2512675258103578}, "n": {"him - himself": -0.03614534931260782, "him": 0.23322492054025407, "himself": 0.2693702698528619}, "negro": {"him - himself": -0.16869684297273993, "him": 0.2101035826468309, "himself": 0.37880042561957084},