{"12": {"gay - she": 0.13847486507004197, "gay": 0.33261435005594214, "she": 0.19413948498590017}, "9": {"gay - she": 0.13968568833416553, "gay": 0.32007192514348526, "she": 0.18038623680931973}, "a": {"gay - she": -0.03562780004055366, "gay": 0.3185280405536974, "she": 0.35415584059425104}, "about": {"gay - she": -0.09175367275879862, "gay": 0.18081489463779463, "she": 0.27256856739659324}, "adopt": {"gay - she": 0.13104463780295472, "gay": 0.40099347696909554, "she": 0.2699488391661408}, "all": {"gay - she": 0.1146816218237465, "gay": 0.26638660997311403, "she": 0.15170498814936753}, "an": {"gay - she": -0.003072654005601416, "gay": 0.20416605708002697, "she": 0.20723871108562839}, "and": {"gay - she": -0.029267329592708502, "gay": 0.3426108028061029, "she": 0.3718781323988114}, "any": {"gay - she": 0.09333640930739454, "gay": 0.23036131214393932, "she": 0.13702490283654478}, "apparently": {"gay - she": 0.13618334547675326, "gay": 0.3551335293325131, "she": 0.21895018385575982}, "are": {"gay - she": 0.19031251310515865, "gay": 0.37451165546260606, "she": 0.18419914235744742}, "around": {"gay - she": 0.05886615987817412, "gay": 0.24230142905520102, "she": 0.1834352691770269}, "as": {"gay - she": 0.06703730526259608, "gay": 0.30561045965241845, "she": 0.23857315438982238}, "at": {"gay - she": 0.015709849563201483, "gay": 0.2855405370323465, "she": 0.269830687469145}, "back": {"gay - she": -0.07367081039141277, "gay": 0.2292298231880766, "she": 0.3029006335794894}, "be": {"gay - she": -0.003960967334453613, "gay": 0.2225641675538312, "she": 0.22652513488828482}, "beautiful": {"gay - she": 0.011788324779785475, "gay": 0.3059150773895706, "she": 0.2941267526097851}, "because": {"gay - she": 0.038209337559407974, "gay": 0.3435654563470742, "she": 0.3053561187876662}, "behind": {"gay - she": 0.08774520567097874, "gay": 0.3190684929780839, "she": 0.23132328730710514}, "below": {"gay - she": 0.13696996386296334, "gay": 0.34756942251574136, "she": 0.21059945865277802}, "blood": {"gay - she": 0.14030928595898834, "gay": 0.31341637660997984, "she": 0.1731070906509915}, "brother": {"gay - she": 0.13884027702930063, "gay": 0.3288797483035058, "she": 0.19003947127420517}, "brown": {"gay - she": 0.14236736412780265, "gay": 0.2903758635860459, "she": 0.14800849945824324}, "bulgarian": {"gay - she": 0.13320975597838047, "gay": 0.382357289307344, "she": 0.2491475333289635}, "but": {"gay - she": -0.029977848538500274, "gay": 0.2696359246510539, "she": 0.2996137731895542}, "by": {"gay - she": 0.03796321751259116, "gay": 0.2661766556423075, "she": 0.22821343812971637}, "called": {"gay - she": 0.08890978511499337, "gay": 0.30215229058316906, "she": 0.2132425054681757}, "care": {"gay - she": 0.14070470125528053, "gay": 0.30912211344576335, "she": 0.1684174121904828}, "children": {"gay - she": 0.1666741191582783, "gay": 0.3787406693376116, "she": 0.2120665501793333}, "classes": {"gay - she": 0.13596228267729757, "gay": 0.35723006123906836, "she": 0.2212677785617708}, "come": {"gay - she": 0.09119356739554738, "gay": 0.2667991684867617, "she": 0.17560560109121434}, "community": {"gay - she": 0.20485208221585177, "gay": 0.37894431128282685, "she": 0.17409222906697508}, "country": {"gay - she": 0.09199725540797543, "gay": 0.25355272073990537, "she": 0.16155546533192994}, "crime": {"gay - she": 0.1419396417292966, "gay": 0.2953110512667621, "she": 0.1533714095374655}, "cry": {"gay - she": 0.13104463780295472, "gay": 0.40099347696909554, "she": 0.2699488391661408}, "crying": {"gay - she": 0.1293470339156117, "gay": 0.4150039721576905, "she": 0.28565693824207883}, "day": {"gay - she": 0.013438080049671147, "gay": 0.23911272931733032, "she": 0.22567464926765918}, "do": {"gay - she": 0.08523119995811293, "gay": 0.311483384651383, "she": 0.22625218469327005}, "done": {"gay - she": 0.05579753480823685, "gay": 0.3059150773895706, "she": 0.25011754258133373}, "down": {"gay - she": 0.03349248329984869, "gay": 0.24709787486507354, "she": 0.21360539156522484}, "drug": {"gay - she": 0.13714623624888803, "gay": 0.3458514332334042, "she": 0.2087051969845162}, "drugs": {"gay - she": 0.13433131853323654, "gay": 0.37232752764639504, "she": 0.2379962091131585}, "even": {"gay - she": 0.12664738787381796, "gay": 0.3109417374610052, "she": 0.1842943495871872}, "ever": {"gay - she": 0.05792499339376611, "gay": 0.2625623962620298, "she": 0.2046374028682637}, "face": {"gay - she": 0.13978054396164763, "gay": 0.3190684929780839, "she": 0.17928794901643624}, "family": {"gay - she": 0.155601532161787, "gay": 0.3550373950852266, "she": 0.1994358629234396}, "first": {"gay - she": 0.10048362364661359, "gay": 0.3231548763674664, "she": 0.22267125272085284}, "for": {"gay - she": 0.048076912501118285, "gay": 0.3102720307063573, "she": 0.262195118205239}, "friends": {"gay - she": 0.20902148631677492, "gay": 0.34976809161424605, "she": 0.14074660529747113}, "from": {"gay - she": 0.08757559378639584, "gay": 0.3930186576832394, "she": 0.30544306389684356}, "future": {"gay - she": 0.14039136733640264, "gay": 0.3125297991722355, "she": 0.17213843183583286}, "great": {"gay - she": 0.03343006680522892, "gay": 0.24887777212404738, "she": 0.21544770531881846}, "group": {"gay - she": 0.1560964082955674, "gay": 0.3507832518628138, "she": 0.1946868435672464}, "hall": {"gay - she": 0.1941397441285806, "gay": 0.4432872774575441, "she": 0.2491475333289635}, "has": {"gay - she": -0.013784501992102183, "gay": 0.28341107790892084, "she": 0.297195579901023}, "have": {"gay - she": 0.15254390865846856, "gay": 0.2655600483084889, "she": 0.11301613965002033}, "he": {"gay - she": 0.06578633045574328, "gay": 0.2808250738851172, "she": 0.2150387434293739}, "head": {"gay - she": 0.08767465915793832, "gay": 0.32007192514348526, "she": 0.23239726598554694}, "hell": {"gay - she": 0.2075724881327384, "gay": 0.36024727464174416, "she": 0.15267478650900576}, "here": {"gay - she": -0.018073644657873145, "gay": 0.19425900171109664, "she": 0.21233264636896979}, "high": {"gay - she": 0.15540406005809512, "gay": 0.3567200648421205, "she": 0.20131600478402537}, "his": {"gay - she": 0.1606920743779653, "gay": 0.3083489917165534, "she": 0.1476569173385881}, "home": {"gay - she": 0.09160912032831883, "gay": 0.260008194091471, "she": 0.1683990737631522}, "how": {"gay - she": 0.037109949884991056, "gay": 0.28682993066969575, "she": 0.2497199807847047}, "i": {"gay - she": -0.14322344443366491, "gay": 0.17268396469878788, "she": 0.3159074091324528}, "if": {"gay - she": -0.018257597190710073, "gay": 0.2779347513604833, "she": 0.29619234855119336}, "important": {"gay - she": 0.2017680292360854, "gay": 0.39882162123994974, "she": 0.19705359200386435}, "in": {"gay - she": 0.05936101547107514, "gay": 0.37530818831793283, "she": 0.3159471728468577}, "inside": {"gay - she": 0.13572940069762413, "gay": 0.35942526552315907, "she": 0.22369586482553494}, "is": {"gay - she": 0.07664615121056262, "gay": 0.4381859402767081, "she": 0.3615397890661455}, "it": {"gay - she": 0.04082014841580439, "gay": 0.31140576525999647, "she": 0.2705856168441921}, "its": {"gay - she": 0.21413556683513585, "gay": 0.3091159590657023, "she": 0.09498039223056642}, "job": {"gay - she": 0.13987334141676752, "gay": 0.3180837706829696, "she": 0.1782104292662021}, "kids": {"gay - she": 0.04931023196902323, "gay": 0.30937364631173786, "she": 0.2600634143427146}, "kill": {"gay - she": 0.13860014083858382, "gay": 0.33133876373232385, "she": 0.19273862289374002}, "know": {"gay - she": 0.0654595165322378, "gay": 0.2866457459731065, "she": 0.2211862294408687}, "last": {"gay - she": 0.1435172399669158, "gay": 0.3641396245458601, "she": 0.22062238457894429}, "laugh": {"gay - she": 0.1379339312489628, "gay": 0.338066692043886, "she": 0.2001327607949232}, "law": {"gay - she": 0.1392837543130865, "gay": 0.32428932025254026, "she": 0.18500556593945375}, "like": {"gay - she": -0.1404442505091802, "gay": 0.15812117337320947, "she": 0.29856542388238966}, "long": {"gay - she": 0.09074620027927102,