{"100": {"he - himself": -0.27274655797899017, "he": 0.1392339371976888, "himself": 0.411980495176679}, "a": {"he - himself": -0.024479453233067938, "he": 0.3797807848382674, "himself": 0.4042602380713353}, "abraham": {"he - himself": -0.2460405265279852, "he": 0.2758851054843536, "himself": 0.5219256320123388}, "accusation": {"he - himself": -0.240573993167415, "he": 0.29996762599411864, "himself": 0.5405416191615336}, "after": {"he - himself": -0.10742596505959678, "he": 0.26249446993198644, "himself": 0.3699204349915832}, "all": {"he - himself": -0.08969601720223652, "he": 0.25167633941576667, "himself": 0.3413723566180032}, "and": {"he - himself": 0.03904360349971708, "he": 0.3669835250093558, "himself": 0.32793992150963874}, "any": {"he - himself": -0.18219160882476002, "he": 0.15046028166629846, "himself": 0.3326518904910585}, "anyone": {"he - himself": -0.20265336430012804, "he": 0.151270775193521, "himself": 0.35392413949364904}, "are": {"he - himself": -0.11749300046352237, "he": 0.18731970956441, "himself": 0.30481271002793237}, "ass": {"he - himself": -0.1875474735196152, "he": 0.26002381121540985, "himself": 0.44757128473502505}, "bad": {"he - himself": -0.15758482292347709, "he": 0.22260713777405955, "himself": 0.38019196069753664}, "be": {"he - himself": -0.0727391303703957, "he": 0.27036853454092985, "himself": 0.34310766491132555}, "because": {"he - himself": -0.054768177052710365, "he": 0.27917266114536765, "himself": 0.333940838198078}, "before": {"he - himself": -0.15930481816459188, "he": 0.20756612085406292, "himself": 0.3668709390186548}, "being": {"he - himself": -0.17931750582577574, "he": 0.17611765663725168, "himself": 0.3554351624630274}, "blew": {"he - himself": -0.2516508284358887, "he": 0.25008657663135536, "himself": 0.5017374050672441}, "bomber": {"he - himself": -0.2516508284358887, "he": 0.25008657663135536, "himself": 0.5017374050672441}, "but": {"he - himself": -0.13554588360315523, "he": 0.2636441465050679, "himself": 0.3991900301082231}, "by": {"he - himself": -0.20520061416259458, "he": 0.2307237338936239, "himself": 0.4359243480562185}, "d": {"he - himself": -0.19983534522172777, "he": 0.17372152644751712, "himself": 0.3735568716692449}, "day": {"he - himself": -0.1102201017158172, "he": 0.2305833719742898, "himself": 0.340803473690107}, "did": {"he - himself": -0.10432019861138736, "he": 0.3258558616445767, "himself": 0.43017606025596405}, "dynamite": {"he - himself": -0.2460405265279852, "he": 0.2758851054843536, "himself": 0.5219256320123388}, "either": {"he - himself": -0.22351803813041912, "he": 0.1920407509762043, "himself": 0.4155587891066234}, "entertainment": {"he - himself": -0.2583726192667054, "he": 0.21746936502540917, "himself": 0.4758419842921146}, "even": {"he - himself": -0.10987211944015887, "he": 0.2346621085844964, "himself": 0.3445342280246553}, "everyone": {"he - himself": -0.2756513703874248, "he": 0.1214932470685176, "himself": 0.39714461745594243}, "expressed": {"he - himself": -0.3146993005659028, "he": 0.26101383237626974, "himself": 0.5757131329421725}, "false": {"he - himself": -0.2626759098496441, "he": 0.1954253217553395, "himself": 0.4581012316049836}, "film": {"he - himself": -0.21694491501321106, "he": 0.23253371794903344, "himself": 0.4494786329622445}, "find": {"he - himself": -0.1612705660815275, "he": 0.1897398762893147, "himself": 0.3510104423708422}, "for": {"he - himself": -0.08718870520486155, "he": 0.2682361341607829, "himself": 0.35542483936564445}, "forum": {"he - himself": -0.2791840306610175, "he": 0.09870768319793093, "himself": 0.37789171385894843}, "friend": {"he - himself": -0.19887394224683658, "he": 0.287964164855566, "himself": 0.48683810710240255}, "from": {"he - himself": -0.08364960904790059, "he": 0.2772162963949818, "himself": 0.3608659054428824}, "fun": {"he - himself": -0.2183914275955485, "he": 0.22391508330692325, "himself": 0.44230651090247175}, "funny": {"he - himself": -0.192535205538407, "he": 0.22688570741456973, "himself": 0.41942091295297673}, "future": {"he - himself": -0.2734137882557617, "he": 0.13523035232962233, "himself": 0.408644140585384}, "get": {"he - himself": -0.16834767868569742, "he": 0.2107767598371156, "himself": 0.379124438522813}, "god": {"he - himself": -0.15700299233316165, "he": 0.22758743496273484, "himself": 0.3845904272958965}, "gotten": {"he - himself": -0.263222464330938, "he": 0.19255155813487934, "himself": 0.45577402246581733}, "guy": {"he - himself": -0.0717537292746348, "he": 0.31334795866211357, "himself": 0.38510168793674837}, "have": {"he - himself": 0.03347080213970419, "he": 0.2544127505978315, "himself": 0.22094194845812734}, "having": {"he - himself": -0.19434181255551652, "he": 0.21430232802986748, "himself": 0.408644140585384}, "he": {"he - himself": 0.2560133241206927, "he": 0.6523775851441201, "himself": 0.3963642610234274}, "here": {"he - himself": -0.18592021832104896, "he": 0.1950122911660209, "himself": 0.38093250948706986}, "him": {"he - himself": -0.038496074275830516, "he": 0.3981794333598364, "himself": 0.4366755076356669}, "himself": {"he - himself": -0.497412174374805, "he": 0.2525000155577136, "himself": 0.7499121899325186}, "his": {"he - himself": 0.059872872096291385, "he": 0.40189554502037556, "himself": 0.34202267292408417}, "home": {"he - himself": -0.13104630651391536, "he": 0.22916424870505125, "himself": 0.3602105552189666}, "https": {"he - himself": -0.2801572341845679, "he": 0.0921615278613187, "himself": 0.3723187620458866}, "i": {"he - himself": -0.11334509331926007, "he": 0.2804425706745275, "himself": 0.39378766399378756}, "if": {"he - himself": 0.043621741163459904, "he": 0.3120276505060418, "himself": 0.2684059093425819}, "immigration": {"he - himself": -0.22041362263735403, "he": 0.21160212542147228, "himself": 0.4320157480588263}, "in": {"he - himself": -0.1223830172453978, "he": 0.30681394139910584, "himself": 0.42919695864450363}, "into": {"he - himself": -0.0605898194579626, "he": 0.28471792741180096, "himself": 0.34530774686976357}, "iraq": {"he - himself": -0.2493058531307223, "he": 0.26101383237626974, "himself": 0.510319685506992}, "is": {"he - himself": 0.06450620659087769, "he": 0.33719099785205486, "himself": 0.2726847912611772}, "it": {"he - himself": -0.0969385499578232, "he": 0.282676061060643, "himself": 0.3796146110184662}, "jew": {"he - himself": -0.12840607138684262, "he": 0.25517599091507287, "himself": 0.3835820623019155}, "just": {"he - himself": -0.10207847175327445, "he": 0.2568752418783067, "himself": 0.35895371363158113}, "killed": {"he - himself": -0.19181575266417916, "he": 0.23180531211110622, "himself": 0.4236210647752854}, "know": {"he - himself": -0.1229675242038217, "he": 0.19801798523251266, "himself": 0.32098550943633436}, "lied": {"he - himself": -0.2460405265279852, "he": 0.2758851054843536, "himself": 0.5219256320123388}, "live": {"he - himself": -0.23366996271721585, "he": 0.12085406267375097, "himself": 0.35452402539096683}, "lol": {"he - himself": -0.22622598930911308, "he": 0.17424290295737305, "himself": 0.40046889226648613}, "m": {"he - himself": -0.1357610578844553, "he": 0.17892450459970372, "himself": 0.314685562484159}, "maybe": {"he - himself": -0.11817369640992292, "he": 0.2509691055905672, "himself": 0.3691428020004901}, "me": {"he - himself": -0.03352004809960718, "he": 0.256311327137585, "himself": 0.28983137523719216}, "might": {"he - himself": -0.19533498851494788, "he": 0.20723642954857477, "himself": 0.40257141806352265}, "million": {"he - himself": -0.21871455829993486, "he": 0.22196876019240214, "himself": 0.440683318492337}, "moment": {"he - himself": -0.2666666691625956, "he": 0.17401664932974134, "himself": 0.440683318492337}, "more": {"he - himself": -0.16731335724711205, "he": 0.21908269325941004, "himself": 0.3863960505065221}, "morning": {"he - himself": -0.21871455829993486, "he": 0.22196876019240214, "himself": 0.440683318492337}, "murders": {"he - himself": -0.2113627117953742, "he": 0.2644792724967404,