{"a": {"gay - straight": -0.06330805585575355, "gay": 0.3185280405536974, "straight": 0.38183609640945093}, "about": {"gay - straight": -0.12340583541785025, "gay": 0.18081489463779463, "straight": 0.3042207300556449}, "all": {"gay - straight": -0.09631872577522588, "gay": 0.26638660997311403, "straight": 0.3627053357483399}, "an": {"gay - straight": -0.12187328952806634, "gay": 0.20416605708002697, "straight": 0.3260393466080933}, "and": {"gay - straight": -0.08669895843474829, "gay": 0.3426108028061029, "straight": 0.4293097612408512}, "any": {"gay - straight": -0.0463601869665812, "gay": 0.23036131214393932, "straight": 0.2767214991105205}, "are": {"gay - straight": 0.13798328300201615, "gay": 0.37451165546260606, "straight": 0.23652837246058991}, "around": {"gay - straight": -0.04604596697849639, "gay": 0.24230142905520102, "straight": 0.2883473960336974}, "as": {"gay - straight": -0.023840971669675026, "gay": 0.30561045965241845, "straight": 0.3294514313220935}, "at": {"gay - straight": -0.05773073606652046, "gay": 0.2855405370323465, "straight": 0.34327127309886696}, "be": {"gay - straight": 0.022789572923563095, "gay": 0.2225641675538312, "straight": 0.19977459463026812}, "by": {"gay - straight": 0.022348921454473147, "gay": 0.2661766556423075, "straight": 0.24382773418783438}, "community": {"gay - straight": 0.02075521523318996, "gay": 0.37894431128282685, "straight": 0.3581890960496369}, "day": {"gay - straight": -0.046131176377088884, "gay": 0.23911272931733032, "straight": 0.2852439056944192}, "do": {"gay - straight": -0.0612627894772691, "gay": 0.311483384651383, "straight": 0.3727461741286521}, "down": {"gay - straight": -0.11872304316844204, "gay": 0.24709787486507354, "straight": 0.3658209180335156}, "event": {"gay - straight": 0.05997323912164021, "gay": 0.4469947365571956, "straight": 0.3870214974355554}, "face": {"gay - straight": -0.11249196442774645, "gay": 0.3190684929780839, "straight": 0.4315604574058303}, "for": {"gay - straight": -0.010081333402746528, "gay": 0.3102720307063573, "straight": 0.3203533641091038}, "force": {"gay - straight": -0.04304953605186029, "gay": 0.338066692043886, "straight": 0.3811162280957463}, "francisco": {"gay - straight": -0.041222206713409315, "gay": 0.38629541978740645, "straight": 0.42751762650081576}, "from": {"gay - straight": 0.09745726161045065, "gay": 0.3930186576832394, "straight": 0.29556139607278875}, "full": {"gay - straight": 0.02081194807029263, "gay": 0.37559975753270997, "straight": 0.35478780946241734}, "god": {"gay - straight": -0.11546817732962511, "gay": 0.2863788706607983, "straight": 0.4018470479904234}, "has": {"gay - straight": 0.022147837185701347, "gay": 0.28341107790892084, "straight": 0.2612632407232195}, "have": {"gay - straight": 0.02646880031770482, "gay": 0.2655600483084889, "straight": 0.23909124799078407}, "he": {"gay - straight": 0.0221789846403726, "gay": 0.2808250738851172, "straight": 0.2586460892447446}, "head": {"gay - straight": -0.043676921521214385, "gay": 0.32007192514348526, "straight": 0.36374884666469964}, "here": {"gay - straight": -0.04722963398743227, "gay": 0.19425900171109664, "straight": 0.2414886356985289}, "homosexual": {"gay - straight": -0.041222206713409315, "gay": 0.38629541978740645, "straight": 0.42751762650081576}, "i": {"gay - straight": -0.12916780235983022, "gay": 0.17268396469878788, "straight": 0.3018517670586181}, "if": {"gay - straight": -0.008524907855394948, "gay": 0.2779347513604833, "straight": 0.28645965921587824}, "in": {"gay - straight": 0.0629895558312738, "gay": 0.37530818831793283, "straight": 0.31231863248665903}, "is": {"gay - straight": 0.11114567367020689, "gay": 0.4381859402767081, "straight": 0.3270402666065012}, "issue": {"gay - straight": -0.04165269448889014, "gay": 0.3754217905526198, "straight": 0.41707448504150996}, "it": {"gay - straight": -0.07283344742357417, "gay": 0.31140576525999647, "straight": 0.38423921268357064}, "its": {"gay - straight": 0.02181949344584372, "gay": 0.3091159590657023, "straight": 0.28729646561985855}, "job": {"gay - straight": -0.043744418291597476, "gay": 0.3180837706829696, "straight": 0.3618281889745671}, "keep": {"gay - straight": 0.02123058990455906, "gay": 0.34976809161424605, "straight": 0.328537501709687}, "kids": {"gay - straight": 0.021816029341924004, "gay": 0.30937364631173786, "straight": 0.28755761696981386}, "like": {"gay - straight": -0.17440179616778634, "gay": 0.15812117337320947, "straight": 0.3325229695409958}, "local": {"gay - straight": -0.043676921521214385, "gay": 0.32007192514348526, "straight": 0.36374884666469964}, "look": {"gay - straight": -0.04583382382737078, "gay": 0.2500918886982128, "straight": 0.2959257125255836}, "me": {"gay - straight": -0.12316396198426621, "gay": 0.18463418472863086, "straight": 0.30779814671289707}, "much": {"gay - straight": -0.04571962492265741, "gay": 0.2542023775907844, "straight": 0.2999220025134418}, "my": {"gay - straight": 0.054292708277282165, "gay": 0.32366394250068425, "straight": 0.2693712342234021}, "n": {"gay - straight": 0.05366720441089151, "gay": 0.34108789456279964, "straight": 0.28742069015190813}, "no": {"gay - straight": -0.052817489265728934, "gay": 0.2672907979249346, "straight": 0.32010828719066353}, "not": {"gay - straight": 0.06834684181613646, "gay": 0.27139049502137347, "straight": 0.203043653205237}, "nothing": {"gay - straight": -0.11649581972199119, "gay": 0.27442758541300943, "straight": 0.3909234051350006}, "now": {"gay - straight": -0.04623107601806367, "gay": 0.23532849499281197, "straight": 0.28155957101087564}, "of": {"gay - straight": 0.0965209485792562, "gay": 0.4214432869429458, "straight": 0.3249223383636896}, "off": {"gay - straight": -0.0455859379999054, "gay": 0.2589443973588688, "straight": 0.3045303353587742}, "old": {"gay - straight": 0.021853217433258687, "gay": 0.30659384821051305, "straight": 0.28474063077725437}, "on": {"gay - straight": -0.010001487564390066, "gay": 0.3198189922109506, "straight": 0.3298204797753407}, "one": {"gay - straight": -0.053187560573738246, "gay": 0.25634831498795535, "straight": 0.3095358755616936}, "open": {"gay - straight": 0.020784113356532574, "gay": 0.37724496388948203, "straight": 0.35646085053294946}, "or": {"gay - straight": -0.008524907855394948, "gay": 0.2779347513604833, "straight": 0.28645965921587824}, "out": {"gay - straight": -0.10270390454245049, "gay": 0.24425524741621196, "straight": 0.34695915195866245}, "over": {"gay - straight": -0.04600141212197606, "gay": 0.24395486781234127, "straight": 0.28995627993431733}, "own": {"gay - straight": -0.04572872923052784, "gay": 0.25387672954364016, "straight": 0.299605458774168}, "people": {"gay - straight": -0.032969782778438594, "gay": 0.35229538975976327, "straight": 0.38526517253820186}, "please": {"gay - straight": -0.04483855783273105, "gay": 0.28421210679182835, "straight": 0.3290506646245594}, "s": {"gay - straight": 0.04983014890128923, "gay": 0.3521118307945456, "straight": 0.3022816818932564}, "san": {"gay - straight": -0.04264099848773295, "gay": 0.3493509573384713, "straight": 0.3919919558262043}, "say": {"gay - straight": 0.021922084841883793, "gay": 0.3013652923481402, "straight": 0.2794432075062564}, "seen": {"gay - straight": -0.045094002369211406, "gay": 0.27579722769484927, "straight": 0.3208912300640607}, "should": {"gay - straight": -0.12010281753689955, "gay": 0.22900573425168919, "straight": 0.34910855178858874}, "something": {"gay - straight": 0.02145752556165631, "gay": 0.3347887912404371, "straight": 0.3133312656787808}, "t": {"gay - straight": 0.053780422019632235, "gay": 0.33801346795189585, "straight": 0.2842330459322636}, "that": {"gay - straight": 0.13947997359096015, "gay": 0.3585699924174608, "straight": 0.21909001882650064}, "the": {"gay - straight": -0.08556100237871694, "gay": 0.36692477768705334, "straight": 0.4524857800657703}, "their": {"gay - straight": -0.053830302813666575, "gay": 0.2363630406174499, "straight": 0.29019334343111647},