{"a": {"himself - man": 0.010177687475807329, "himself": 0.4042602380713353, "man": 0.394082550595528}, "after": {"himself - man": 0.12225452305797135, "himself": 0.3699204349915832, "man": 0.24766591193361187}, "all": {"himself - man": 0.08121718057473748, "himself": 0.3413723566180032, "man": 0.2601551760432657}, "and": {"himself - man": -0.05086771425035663, "himself": 0.32793992150963874, "man": 0.3788076357599954}, "any": {"himself - man": 0.16104096493388634, "himself": 0.3326518904910585, "man": 0.17161092555717214}, "anyone": {"himself - man": 0.15881590534565715, "himself": 0.35392413949364904, "man": 0.1951082341479919}, "are": {"himself - man": 0.07313841283049877, "himself": 0.30481271002793237, "man": 0.2316742971974336}, "bad": {"himself - man": 0.21074255271807088, "himself": 0.38019196069753664, "man": 0.16944940797946575}, "be": {"himself - man": 0.10392587899562966, "himself": 0.34310766491132555, "man": 0.2391817859156959}, "because": {"himself - man": 0.05981486825353882, "himself": 0.333940838198078, "man": 0.2741259699445392}, "being": {"himself - man": 0.12361483816370145, "himself": 0.3554351624630274, "man": 0.23182032429932597}, "but": {"himself - man": 0.17158220659232964, "himself": 0.3991900301082231, "man": 0.22760782351589348}, "by": {"himself - man": 0.13120973549534365, "himself": 0.4359243480562185, "man": 0.30471461256087484}, "camera": {"himself - man": 0.1951358838249853, "himself": 0.47227859061641425, "man": 0.27714270679142894}, "couple": {"himself - man": 0.20812283554884423, "himself": 0.3977926477519722, "man": 0.18966981220312798}, "d": {"himself - man": 0.1566106082703358, "himself": 0.3735568716692449, "man": 0.2169462633989091}, "day": {"himself - man": 0.059470530752131545, "himself": 0.340803473690107, "man": 0.28133294293797545}, "did": {"himself - man": 0.20256053630008689, "himself": 0.43017606025596405, "man": 0.22761552395587717}, "e": {"himself - man": 0.20545675614047426, "himself": 0.4146394211534098, "man": 0.20918266501293553}, "either": {"himself - man": 0.20530676118058916, "himself": 0.4155587891066234, "man": 0.21025202792603426}, "even": {"himself - man": 0.15981905845861868, "himself": 0.3445342280246553, "man": 0.1847151695660366}, "everyone": {"himself - man": 0.20822227898042606, "himself": 0.39714461745594243, "man": 0.18892233847551637}, "film": {"himself - man": 0.19944306897573078, "himself": 0.4494786329622445, "man": 0.2500355639865137}, "find": {"himself - man": 0.12401846456123358, "himself": 0.3510104423708422, "man": 0.22699197780960864}, "for": {"himself - man": 0.023865603239530575, "himself": 0.35542483936564445, "man": 0.3315592361261139}, "forum": {"himself - man": 0.2110725251974723, "himself": 0.37789171385894843, "man": 0.16681918866147613}, "friend": {"himself - man": 0.22574047084563043, "himself": 0.48683810710240255, "man": 0.2610976362567721}, "from": {"himself - man": 0.09072602453485196, "himself": 0.3608659054428824, "man": 0.2701398809080304}, "fun": {"himself - man": 0.1145516479211473, "himself": 0.44230651090247175, "man": 0.32775486298132445}, "future": {"himself - man": 0.1523018458138105, "himself": 0.408644140585384, "man": 0.2563422947715735}, "get": {"himself - man": 0.16208727486818747, "himself": 0.379124438522813, "man": 0.21703716365462555}, "god": {"himself - man": 0.21010363224907935, "himself": 0.3845904272958965, "man": 0.17448679504681713}, "guy": {"himself - man": 0.09510373647225706, "himself": 0.38510168793674837, "man": 0.2899979514644913}, "have": {"himself - man": -0.0029421017040272557, "himself": 0.22094194845812734, "man": 0.2238840501621546}, "he": {"himself - man": 0.08790237290836006, "himself": 0.3963642610234274, "man": 0.30846188811506736}, "here": {"himself - man": 0.14354551387888603, "himself": 0.38093250948706986, "man": 0.23738699560818383}, "him": {"himself - man": 0.10773124631068415, "himself": 0.4366755076356669, "man": 0.3289442613249828}, "his": {"himself - man": 0.006516644746313305, "himself": 0.34202267292408417, "man": 0.33550602817777087}, "home": {"himself - man": 0.15812569387476494, "himself": 0.3602105552189666, "man": 0.20208486134420167}, "https": {"himself - man": 0.15675401422297056, "himself": 0.3723187620458866, "man": 0.21556474782291604}, "i": {"himself - man": 0.09822020072898052, "himself": 0.39378766399378756, "man": 0.29556746326480704}, "if": {"himself - man": 0.06282936790737606, "himself": 0.2684059093425819, "man": 0.20557654143520585}, "in": {"himself - man": 0.05884777703959326, "himself": 0.42919695864450363, "man": 0.37034918160491037}, "into": {"himself - man": 0.21544260067815016, "himself": 0.34530774686976357, "man": 0.1298651461916134}, "is": {"himself - man": -0.03315382907603848, "himself": 0.2726847912611772, "man": 0.30583862033721565}, "it": {"himself - man": 0.11056591284526152, "himself": 0.3796146110184662, "man": 0.2690486981732047}, "just": {"himself - man": 0.11554249654123294, "himself": 0.35895371363158113, "man": 0.2434112170903482}, "killed": {"himself - man": 0.11668575328780417, "himself": 0.4236210647752854, "man": 0.3069353114874812}, "know": {"himself - man": 0.16218930266279885, "himself": 0.32098550943633436, "man": 0.1587962067735355}, "live": {"himself - man": 0.15875068684198423, "himself": 0.35452402539096683, "man": 0.1957733385489826}, "lol": {"himself - man": 0.15334822550402855, "himself": 0.40046889226648613, "man": 0.24712066676245759}, "m": {"himself - man": -0.0036802816460934085, "himself": 0.314685562484159, "man": 0.31836584413025243}, "mail": {"himself - man": 0.11509827199679534, "himself": 0.4376048117284454, "man": 0.32250653973165005}, "maybe": {"himself - man": 0.21230155510718393, "himself": 0.3691428020004901, "man": 0.15684124689330617}, "me": {"himself - man": 0.018900022931224447, "himself": 0.28983137523719216, "man": 0.2709313523059677}, "more": {"himself - man": 0.08872012663592937, "himself": 0.3863960505065221, "man": 0.2976759238705927}, "morning": {"himself - man": 0.14794956082082283, "himself": 0.440683318492337, "man": 0.29273375767151416}, "murders": {"himself - man": 0.1944357581646195, "himself": 0.4758419842921146, "man": 0.2814062261274951}, "my": {"himself - man": 0.019700341168742197, "himself": 0.2512675258103578, "man": 0.23156718464161558}, "n": {"himself - man": -0.0033612230747049887, "himself": 0.2693702698528619, "man": 0.2727314929275669}, "negro": {"himself - man": 0.21094251067794856, "himself": 0.37880042561957084, "man": 0.16785791494162228}, "new": {"himself - man": 0.1614127172228252, "himself": 0.32893112589795254, "man": 0.16751840867512732}, "nordic": {"himself - man": 0.15046416192032808, "himself": 0.4225357727084399, "man": 0.2720716107881118}, "not": {"himself - man": 0.06310246708730996, "himself": 0.26188157968261416, "man": 0.1987791125953042}, "of": {"himself - man": 0.0674028312386652, "himself": 0.4149799409649638, "man": 0.3475771097262986}, "on": {"himself - man": -0.09065667927634413, "himself": 0.22194757523359687, "man": 0.312604254509941}, "one": {"himself - man": 0.07897240312132431, "himself": 0.3740761974010825, "man": 0.2951037942797582}, "or": {"himself - man": -0.003353665550180851, "himself": 0.2684059093425819, "man": 0.27175957489276276}, "org": {"himself - man": 0.2108765289733815, "himself": 0.37926040583141574, "man": 0.16838387685803424}, "out": {"himself - man": 0.03198076597945376, "himself": 0.2798260792023133, "man": 0.24784531322285952}, "page": {"himself - man": 0.20483595898932844, "himself": 0.4184260615531236, "man": 0.21359010256379518}, "people": {"himself - man": 0.09047380064075783, "himself": 0.36416702995922007, "man": 0.27369322931846224}, "police": {"himself - man": 0.05657994299978525, "himself": 0.39463001374476286, "man": 0.3380500707449776}, "protect": {"himself - man": 0.1978490868685615, "himself": 0.4581012316049836, "man": 0.2602521447364221}, "reason": {"himself - man": 0.11832271502031438, "himself": 0.408644140585384,