{"100": {"gay - himself": -0.0958129555292167, "gay": 0.3161675396474623, "himself": 0.411980495176679}, "a": {"gay - himself": -0.08573219751763794, "gay": 0.3185280405536974, "himself": 0.4042602380713353}, "all": {"gay - himself": -0.07498574664488916, "gay": 0.26638660997311403, "himself": 0.3413723566180032}, "and": {"gay - himself": 0.014670881296464156, "gay": 0.3426108028061029, "himself": 0.32793992150963874}, "any": {"gay - himself": -0.10229057834711916, "gay": 0.23036131214393932, "himself": 0.3326518904910585}, "are": {"gay - himself": 0.0696989454346737, "gay": 0.37451165546260606, "himself": 0.30481271002793237}, "be": {"gay - himself": -0.12054349735749434, "gay": 0.2225641675538312, "himself": 0.34310766491132555}, "because": {"gay - himself": 0.009624618148996178, "gay": 0.3435654563470742, "himself": 0.333940838198078}, "but": {"gay - himself": -0.12955410545716922, "gay": 0.2696359246510539, "himself": 0.3991900301082231}, "by": {"gay - himself": -0.16974769241391097, "gay": 0.2661766556423075, "himself": 0.4359243480562185}, "day": {"gay - himself": -0.10169074437277667, "gay": 0.23911272931733032, "himself": 0.340803473690107}, "drug": {"gay - himself": -0.09326606157277512, "gay": 0.3458514332334042, "himself": 0.43911749480617934}, "entertainment": {"gay - himself": -0.08954656450470816, "gay": 0.38629541978740645, "himself": 0.4758419842921146}, "even": {"gay - himself": -0.0335924905636501, "gay": 0.3109417374610052, "himself": 0.3445342280246553}, "expressed": {"gay - himself": -0.15115953996626408, "gay": 0.42455359297590844, "himself": 0.5757131329421725}, "for": {"gay - himself": -0.04515280865928717, "gay": 0.3102720307063573, "himself": 0.35542483936564445}, "from": {"gay - himself": 0.03215275224035702, "gay": 0.3930186576832394, "himself": 0.3608659054428824}, "future": {"gay - himself": -0.09611434141314851, "gay": 0.3125297991722355, "himself": 0.408644140585384}, "god": {"gay - himself": -0.09821155663509817, "gay": 0.2863788706607983, "himself": 0.3845904272958965}, "have": {"gay - himself": 0.04461809985036155, "gay": 0.2655600483084889, "himself": 0.22094194845812734}, "he": {"gay - himself": -0.11553918713831024, "gay": 0.2808250738851172, "himself": 0.3963642610234274}, "here": {"gay - himself": -0.18667350777597322, "gay": 0.19425900171109664, "himself": 0.38093250948706986}, "his": {"gay - himself": -0.03367368120753078, "gay": 0.3083489917165534, "himself": 0.34202267292408417}, "home": {"gay - himself": -0.10020236112749559, "gay": 0.260008194091471, "himself": 0.3602105552189666}, "i": {"gay - himself": -0.22110369929499968, "gay": 0.17268396469878788, "himself": 0.39378766399378756}, "if": {"gay - himself": 0.009528842017901384, "gay": 0.2779347513604833, "himself": 0.2684059093425819}, "immigration": {"gay - himself": -0.0939490560149403, "gay": 0.338066692043886, "himself": 0.4320157480588263}, "in": {"gay - himself": -0.0538887703265708, "gay": 0.37530818831793283, "himself": 0.42919695864450363}, "is": {"gay - himself": 0.16550114901553092, "gay": 0.4381859402767081, "himself": 0.2726847912611772}, "it": {"gay - himself": -0.06820884575846975, "gay": 0.31140576525999647, "himself": 0.3796146110184662}, "know": {"gay - himself": -0.03433976346322787, "gay": 0.2866457459731065, "himself": 0.32098550943633436}, "m": {"gay - himself": -0.03453437638532503, "gay": 0.280151186098834, "himself": 0.314685562484159}, "me": {"gay - himself": -0.1051971905085613, "gay": 0.18463418472863086, "himself": 0.28983137523719216}, "moment": {"gay - himself": -0.09311389597659564, "gay": 0.34756942251574136, "himself": 0.440683318492337}, "my": {"gay - himself": 0.07239641669032648, "gay": 0.32366394250068425, "himself": 0.2512675258103578}, "n": {"gay - himself": 0.07171762470993776, "gay": 0.34108789456279964, "himself": 0.2693702698528619}, "negro": {"gay - himself": -0.09869660827965698, "gay": 0.28010381733991385, "himself": 0.37880042561957084}, "new": {"gay - himself": -0.1025594054177526, "gay": 0.22637172048019993, "himself": 0.32893112589795254}, "not": {"gay - himself": 0.009508915338759305, "gay": 0.27139049502137347, "himself": 0.26188157968261416}, "of": {"gay - himself": 0.006463345977981982, "gay": 0.4214432869429458, "himself": 0.4149799409649638}, "on": {"gay - himself": 0.09787141697735374, "gay": 0.3198189922109506, "himself": 0.22194757523359687}, "one": {"gay - himself": -0.11772788241312715, "gay": 0.25634831498795535, "himself": 0.3740761974010825}, "or": {"gay - himself": 0.009528842017901384, "gay": 0.2779347513604833, "himself": 0.2684059093425819}, "out": {"gay - himself": -0.03557083178610132, "gay": 0.24425524741621196, "himself": 0.2798260792023133}, "people": {"gay - himself": -0.011871640199456801, "gay": 0.35229538975976327, "himself": 0.36416702995922007}, "protect": {"gay - himself": -0.09138273194384405, "gay": 0.36671849966113956, "himself": 0.4581012316049836}, "s": {"gay - himself": 0.11858304422025995, "gay": 0.3521118307945456, "himself": 0.23352878657428566}, "so": {"gay - himself": -0.07377680723502555, "gay": 0.2869969161341534, "himself": 0.36077372336917896}, "something": {"gay - himself": -0.03282955556457451, "gay": 0.3347887912404371, "himself": 0.3676183468050116}, "support": {"gay - himself": -0.03164226157777417, "gay": 0.37021869330725493, "himself": 0.4018609548850291}, "t": {"gay - himself": 0.0718416733305236, "gay": 0.33801346795189585, "himself": 0.26617179462137225}, "that": {"gay - himself": -0.06644471604180496, "gay": 0.3585699924174608, "himself": 0.42501470845926576}, "the": {"gay - himself": -0.023671027806330458, "gay": 0.36692477768705334, "himself": 0.3905958054933838}, "there": {"gay - himself": -0.03587086949825058, "gay": 0.23341124655175383, "himself": 0.2692821160500044}, "these": {"gay - himself": -0.034046249985540955, "gay": 0.29630683450188333, "himself": 0.3303530844874243}, "they": {"gay - himself": 0.03304793880778717, "gay": 0.34159740274887285, "himself": 0.3085494639410857}, "think": {"gay - himself": -0.10265917280539882, "gay": 0.2248800432261317, "himself": 0.3275392160315305}, "this": {"gay - himself": -0.004062833469192784, "gay": 0.3672135959579981, "himself": 0.37127642942719086}, "to": {"gay - himself": -0.0423526671048986, "gay": 0.3492553272265888, "himself": 0.3916079943314874}, "too": {"gay - himself": -0.10177970102418069, "gay": 0.2378275985166722, "himself": 0.3396072995408529}, "was": {"gay - himself": -0.17221199988441865, "gay": 0.2944540472351808, "himself": 0.46666604711959947}, "were": {"gay - himself": -0.10263092590436945, "gay": 0.22530299430375167, "himself": 0.3279339202081211}, "white": {"gay - himself": 0.04445872126354283, "gay": 0.27661790299960726, "himself": 0.23215918173606442}, "who": {"gay - himself": -0.09192844506397463, "gay": 0.34107328384903, "himself": 0.43300172891300465}, "with": {"gay - himself": 0.03269407668871094, "gay": 0.3638724653524244, "himself": 0.33117838866371346}, "would": {"gay - himself": -0.10504151637184461, "gay": 0.18724593446254018, "himself": 0.2922874508343848}, "you": {"gay - himself": 0.07385647817793647, "gay": 0.27943720606107747, "himself": 0.205580727883141}, "youtube": {"gay - himself": 0.07078242715241873, "gay": 0.36295106138187816, "himself": 0.29216863422945943}}