{"a": {"himself - woman": -0.0418507476185479, "himself": 0.4042602380713353, "woman": 0.4461109856898832}, "after": {"himself - woman": 0.1738207917130654, "himself": 0.3699204349915832, "woman": 0.19609964327851784}, "all": {"himself - woman": 0.1151778584190449, "himself": 0.3413723566180032, "woman": 0.2261944981989583}, "allen": {"himself - woman": 0.158139763301813, "himself": 0.47976897789045575, "woman": 0.32162921458864274}, "and": {"himself - woman": -0.044494770984330356, "himself": 0.32793992150963874, "woman": 0.3724346924939691}, "any": {"himself - woman": 0.0802467993226541, "himself": 0.3326518904910585, "woman": 0.25240509116840437}, "anyone": {"himself - woman": 0.1756542757492733, "himself": 0.35392413949364904, "woman": 0.17826986374437573}, "are": {"himself - woman": 0.09728970938886233, "himself": 0.30481271002793237, "woman": 0.20752300063907003}, "arrested": {"himself - woman": 0.07277697558253715, "himself": 0.44399183991753555, "woman": 0.3712148643349984}, "bad": {"himself - woman": 0.17258434270544282, "himself": 0.38019196069753664, "woman": 0.20760761799209382}, "be": {"himself - woman": 0.07719593003832548, "himself": 0.34310766491132555, "woman": 0.26591173487300007}, "because": {"himself - woman": 0.08017312134455207, "himself": 0.333940838198078, "woman": 0.25376771685352595}, "being": {"himself - woman": 0.07890062621537919, "himself": 0.3554351624630274, "woman": 0.27653453624764823}, "but": {"himself - woman": 0.14948337060789993, "himself": 0.3991900301082231, "woman": 0.2497066595003232}, "by": {"himself - woman": 0.09861213187826623, "himself": 0.4359243480562185, "woman": 0.33731221617795226}, "couple": {"himself - woman": 0.17035718760259141, "himself": 0.3977926477519722, "woman": 0.2274354601493808}, "find": {"himself - woman": 0.009434137950940946, "himself": 0.3510104423708422, "woman": 0.3415763044199013}, "for": {"himself - woman": -0.009765442654058876, "himself": 0.35542483936564445, "woman": 0.3651902820197033}, "from": {"himself - woman": 0.11358460138361179, "himself": 0.3608659054428824, "woman": 0.2472813040592706}, "get": {"himself - woman": 0.0749851773459686, "himself": 0.379124438522813, "woman": 0.3041392611768444}, "god": {"himself - woman": 0.17204064394186652, "himself": 0.3845904272958965, "woman": 0.21254978335402996}, "guy": {"himself - woman": 0.04963122097168238, "himself": 0.38510168793674837, "woman": 0.335470466965066}, "have": {"himself - woman": 0.010828891066175128, "himself": 0.22094194845812734, "woman": 0.2101130573919522}, "having": {"himself - woman": 0.16891528542678158, "himself": 0.408644140585384, "woman": 0.23972885515860243}, "he": {"himself - woman": 0.1335788133478139, "himself": 0.3963642610234274, "woman": 0.2627854476756135}, "here": {"himself - woman": 0.13522232894507305, "himself": 0.38093250948706986, "woman": 0.2457101805419968}, "him": {"himself - woman": 0.25323211466943996, "himself": 0.4366755076356669, "woman": 0.183443392966227}, "his": {"himself - woman": 0.17694618617488075, "himself": 0.34202267292408417, "woman": 0.16507648674920342}, "home": {"himself - woman": 0.05073522982878448, "himself": 0.3602105552189666, "woman": 0.30947532539018213}, "i": {"himself - woman": 0.13076908645733865, "himself": 0.39378766399378756, "woman": 0.2630185775364489}, "if": {"himself - woman": -0.007188090821302229, "himself": 0.2684059093425819, "woman": 0.27559400016388413}, "in": {"himself - woman": 0.04078821320387965, "himself": 0.42919695864450363, "woman": 0.388408745440624}, "into": {"himself - woman": 0.17659571754348855, "himself": 0.34530774686976357, "woman": 0.16871202932627502}, "is": {"himself - woman": 0.0015370432799095557, "himself": 0.2726847912611772, "woman": 0.2711477479812676}, "it": {"himself - woman": 0.1255235622981109, "himself": 0.3796146110184662, "woman": 0.2540910487203553}, "jew": {"himself - woman": 0.1721660446932032, "himself": 0.3835820623019155, "woman": 0.2114160176087123}, "just": {"himself - woman": 0.11374539955757879, "himself": 0.35895371363158113, "woman": 0.24520831407400234}, "killed": {"himself - woman": 0.04778815749751947, "himself": 0.4236210647752854, "woman": 0.3758329072777659}, "know": {"himself - woman": 0.11904080556956678, "himself": 0.32098550943633436, "woman": 0.20194470386676758}, "live": {"himself - woman": 0.11641014168723471, "himself": 0.35452402539096683, "woman": 0.23811388370373213}, "lol": {"himself - woman": 0.11230047636128143, "himself": 0.40046889226648613, "woman": 0.2881684159052047}, "m": {"himself - woman": 0.08124290777018464, "himself": 0.314685562484159, "woman": 0.23344265471397438}, "maybe": {"himself - woman": 0.11516635444085177, "himself": 0.3691428020004901, "woman": 0.25397644755963833}, "me": {"himself - woman": -0.03642319337123723, "himself": 0.28983137523719216, "woman": 0.3262545686084294}, "more": {"himself - woman": 0.1346496065839491, "himself": 0.3863960505065221, "woman": 0.251746443922573}, "morning": {"himself - woman": 0.10821599028690976, "himself": 0.440683318492337, "woman": 0.33246732820542724}, "murders": {"himself - woman": 0.15879560332713621, "himself": 0.4758419842921146, "woman": 0.3170463809649784}, "my": {"himself - woman": 0.01051845572519336, "himself": 0.2512675258103578, "woman": 0.2407490700851644}, "n": {"himself - woman": 0.05418967486085033, "himself": 0.2693702698528619, "woman": 0.21518059499201156}, "negro": {"himself - woman": 0.07742314496194314, "himself": 0.37880042561957084, "woman": 0.3013772806576277}, "new": {"himself - woman": 0.17829667123975768, "himself": 0.32893112589795254, "woman": 0.15063445465819486}, "not": {"himself - woman": -0.03695126540391713, "himself": 0.26188157968261416, "woman": 0.2988328450865313}, "of": {"himself - woman": 0.10487861562770495, "himself": 0.4149799409649638, "woman": 0.31010132533725887}, "on": {"himself - woman": -0.14517962230472714, "himself": 0.22194757523359687, "woman": 0.367127197538324}, "one": {"himself - woman": 0.1124468264544789, "himself": 0.3740761974010825, "woman": 0.2616293709466036}, "or": {"himself - woman": 0.030457461021101084, "himself": 0.2684059093425819, "woman": 0.23794844832148082}, "out": {"himself - woman": -0.03662037129234008, "himself": 0.2798260792023133, "woman": 0.31644645049465336}, "people": {"himself - woman": 0.16607528652714476, "himself": 0.36416702995922007, "woman": 0.1980917434320753}, "police": {"himself - woman": -0.0070166055396057025, "himself": 0.39463001374476286, "woman": 0.40164661928436857}, "reason": {"himself - woman": 0.16891528542678158, "himself": 0.408644140585384, "woman": 0.23972885515860243}, "s": {"himself - woman": -0.02305158816401237, "himself": 0.23352878657428566, "woman": 0.25658037473829803}, "said": {"himself - woman": 0.07816624307252534, "himself": 0.36724343725320524, "woman": 0.2890771941806799}, "saw": {"himself - woman": 0.1733883591622072, "himself": 0.3735568716692449, "woman": 0.20016851250703768}, "seems": {"himself - woman": 0.16912959498445163, "himself": 0.40705607883446526, "woman": 0.23792648385001364}, "shoots": {"himself - woman": 0.15555023332531592, "himself": 0.49487044730887914, "woman": 0.3393202139835632}, "sign": {"himself - woman": 0.16410444887834186, "himself": 0.44230651090247175, "woman": 0.2782020620241299}, "so": {"himself - woman": 0.2662311499913014, "himself": 0.36077372336917896, "woman": 0.09454257337787755}, "story": {"himself - woman": 0.11324238706468731, "himself": 0.39049902352691535, "woman": 0.27725663646222803}, "straight": {"himself - woman": 0.16358403975120078, "himself": 0.4457447104334328, "woman": 0.282160670682232}, "t": {"himself - woman": 0.030505036209626357, "himself": 0.26617179462137225, "woman": 0.2356667584117459}, "than": {"himself - woman": 0.11792467104445051, "himself": 0.3357003369771204, "woman": 0.21777566593266987}, "that": {"himself - woman": 0.14902455295951705, "himself": 0.42501470845926576, "woman": 0.2759901554997487},