{"20": {"gay - him": 0.12148534294088875, "gay": 0.3171170182430329, "him": 0.19563167530214415}, "a": {"gay - him": -0.04325626484355599, "gay": 0.3185280405536974, "him": 0.36178430539725337}, "about": {"gay - him": -0.08131796217322565, "gay": 0.18081489463779463, "him": 0.2621328568110203}, "all": {"gay - him": 0.004505745104467496, "gay": 0.26638660997311403, "him": 0.26188086486864653}, "an": {"gay - him": -0.027550986942750016, "gay": 0.20416605708002697, "him": 0.23171704402277699}, "and": {"gay - him": -0.0571390225041854, "gay": 0.3426108028061029, "him": 0.3997498253102883}, "anti": {"gay - him": 0.20045634437539214, "gay": 0.44879343989113013, "him": 0.248337095515738}, "any": {"gay - him": 0.07193020881626774, "gay": 0.23036131214393932, "him": 0.15843110332767157}, "are": {"gay - him": 0.18217809593913745, "gay": 0.37451165546260606, "him": 0.19233355952346862}, "around": {"gay - him": -0.009717512223709757, "gay": 0.24230142905520102, "him": 0.2520189412789108}, "as": {"gay - him": 0.03022647773632975, "gay": 0.30561045965241845, "him": 0.2753839819160887}, "at": {"gay - him": -0.041076375717144564, "gay": 0.2855405370323465, "him": 0.32661691274949106}, "back": {"gay - him": -0.06846691636357072, "gay": 0.2292298231880766, "him": 0.2976967395516473}, "be": {"gay - him": -0.0658920239205801, "gay": 0.2225641675538312, "him": 0.2884561914744113}, "beating": {"gay - him": 0.11568676100847797, "gay": 0.38629541978740645, "him": 0.2706086587789285}, "beautiful": {"gay - him": 0.1222986047297551, "gay": 0.3059150773895706, "him": 0.18361647265981548}, "because": {"gay - him": 0.10210850340638777, "gay": 0.3435654563470742, "him": 0.24145695294068642}, "behind": {"gay - him": 0.06823843368115717, "gay": 0.3190684929780839, "him": 0.2508300592969267}, "believe": {"gay - him": 0.0692207597837502, "gay": 0.2979486935218571, "him": 0.2287279337381069}, "better": {"gay - him": 0.06958296712558082, "gay": 0.28978772395843566, "him": 0.22020475683285484}, "book": {"gay - him": 0.12126502684329118, "gay": 0.32007192514348526, "him": 0.19880689830019407}, "brother": {"gay - him": 0.0677599638990537, "gay": 0.3288797483035058, "him": 0.2611197844044521}, "brown": {"gay - him": 0.1233694616354574, "gay": 0.2903758635860459, "him": 0.1670064019505885}, "but": {"gay - him": 0.0044761550031628405, "gay": 0.2696359246510539, "him": 0.26515976964789106}, "by": {"gay - him": 0.012522549345381495, "gay": 0.2661766556423075, "him": 0.25365410629692603}, "called": {"gay - him": 0.06903041696163206, "gay": 0.30215229058316906, "him": 0.233121873621537}, "children": {"gay - him": 0.23378103004680556, "gay": 0.3787406693376116, "him": 0.14495963929080602}, "christ": {"gay - him": 0.1184651998589584, "gay": 0.3551335293325131, "him": 0.23666832947355468}, "cities": {"gay - him": 0.11879632760151043, "gay": 0.3512013387422007, "him": 0.2324050111406903}, "city": {"gay - him": 0.26249521719381796, "gay": 0.42642749753303844, "him": 0.16393228033922044}, "come": {"gay - him": 0.03631435594466223, "gay": 0.2667991684867617, "him": 0.2304848125420995}, "country": {"gay - him": 0.12564338474718667, "gay": 0.25355272073990537, "him": 0.1279093359927187}, "cultural": {"gay - him": 0.11768898622068341, "gay": 0.3641558927637921, "him": 0.2464669065431087}, "dating": {"gay - him": 0.1160530796475176, "gay": 0.382357289307344, "him": 0.2663042096598264}, "day": {"gay - him": 0.011116838005159807, "gay": 0.23911272931733032, "him": 0.22799589131217052}, "destroyed": {"gay - him": 0.11568676100847797, "gay": 0.38629541978740645, "him": 0.2706086587789285}, "do": {"gay - him": 0.08006400501949046, "gay": 0.311483384651383, "him": 0.23141937963189252}, "done": {"gay - him": 0.06885785480951467, "gay": 0.3059150773895706, "him": 0.2370572225800559}, "down": {"gay - him": -0.042353804731973727, "gay": 0.24709787486507354, "him": 0.28945167959704726}, "drug": {"gay - him": 0.06689904384863093, "gay": 0.3458514332334042, "him": 0.2789523893847733}, "drugs": {"gay - him": 0.11696613963905567, "gay": 0.37232752764639504, "him": 0.2553613880073394}, "even": {"gay - him": 0.10469824743155945, "gay": 0.3109417374610052, "him": 0.20624349002944573}, "ever": {"gay - him": 0.12512109265103777, "gay": 0.2625623962620298, "him": 0.13744130361099205}, "family": {"gay - him": 0.13544032872437534, "gay": 0.3550373950852266, "him": 0.21959706636085125}, "famous": {"gay - him": 0.11668749612492368, "gay": 0.3754217905526198, "him": 0.25873429442769613}, "first": {"gay - him": 0.13828457522548343, "gay": 0.3231548763674664, "him": 0.184870301141983}, "for": {"gay - him": 0.004985870718772267, "gay": 0.3102720307063573, "him": 0.305286159987585}, "force": {"gay - him": 0.11987095566641809, "gay": 0.338066692043886, "him": 0.21819573637746792}, "friends": {"gay - him": 0.18989569378728058, "gay": 0.34976809161424605, "him": 0.15987239782696547}, "from": {"gay - him": 0.07153835461647268, "gay": 0.3930186576832394, "him": 0.3214803030667667}, "god": {"gay - him": -0.009694909288284315, "gay": 0.2863788706607983, "him": 0.2960737799490826}, "government": {"gay - him": 0.1227615399713336, "gay": 0.29931518665119283, "him": 0.17655364667985923}, "group": {"gay - him": 0.18977795823713706, "gay": 0.3507832518628138, "him": 0.16100529362567673}, "hall": {"gay - him": 0.17698306779771772, "gay": 0.4432872774575441, "him": 0.2663042096598264}, "has": {"gay - him": 0.059207977727194466, "gay": 0.28341107790892084, "him": 0.22420310018172637}, "have": {"gay - him": -0.013434118434440423, "gay": 0.2655600483084889, "him": 0.2789941667429293}, "he": {"gay - him": -0.17302343697916578, "gay": 0.2808250738851172, "him": 0.45384851086428296}, "head": {"gay - him": 0.01019798069081751, "gay": 0.32007192514348526, "him": 0.30987394445266775}, "hell": {"gay - him": 0.13494433996373623, "gay": 0.36024727464174416, "him": 0.22530293467800794}, "here": {"gay - him": 0.011598951490193243, "gay": 0.19425900171109664, "him": 0.1826600502209034}, "his": {"gay - him": -0.14680080534329554, "gay": 0.3083489917165534, "him": 0.4551497970598489}, "home": {"gay - him": 0.010885679943605314, "gay": 0.260008194091471, "him": 0.2491225141478657}, "how": {"gay - him": 0.01225206900064335, "gay": 0.28682993066969575, "him": 0.2745778616690524}, "i": {"gay - him": -0.19273503501645328, "gay": 0.17268396469878788, "him": 0.36541899971524117}, "if": {"gay - him": -0.04123514627212871, "gay": 0.2779347513604833, "him": 0.319169897632612}, "in": {"gay - him": 0.06395489958076045, "gay": 0.37530818831793283, "him": 0.3113532887371724}, "is": {"gay - him": 0.16471237039681735, "gay": 0.4381859402767081, "him": 0.27347356987989074}, "it": {"gay - him": 0.03256489166328552, "gay": 0.31140576525999647, "him": 0.27884087359671095}, "its": {"gay - him": 0.13943364050200208, "gay": 0.3091159590657023, "him": 0.1696823185637002}, "jews": {"gay - him": 0.036333862745797724, "gay": 0.26600709842686715, "him": 0.22967323568106943}, "keep": {"gay - him": 0.10197407722866758, "gay": 0.34976809161424605, "him": 0.24779401438557846}, "kids": {"gay - him": 0.13941311464304865, "gay": 0.30937364631173786, "him": 0.1699605316686892}, "kill": {"gay - him": 0.12040272861657456, "gay": 0.33133876373232385, "him": 0.2109360351157493}, "know": {"gay - him": 0.04133171375533903, "gay": 0.2866457459731065, "him": 0.24531403221776746}, "last": {"gay - him": 0.1813251284949503, "gay": 0.3641396245458601, "him": 0.18281449605090977}, "letter": {"gay - him": 0.11568676100847797, "gay": 0.38629541978740645, "him": 0.2706086587789285}, "like": {"gay - him": -0.12866082101706788, "gay": 0.15812117337320947, "him": 0.28678199439027735}, "local": {"gay - him": 0.12126502684329118, "gay": 0.32007192514348526, "him": 0.19880689830019407}, "long": {"gay - him": 0.12442769632272782, "gay": 0.2739778398397057, "him": 0.14955014351697787}, "look": {"gay - him": -0.009718458578456102, "gay": 0.2500918886982128, "him": 0.2598103472766689}, "m": {"gay - him": 0.14160687666812566,