{"a": {"himself - his": 0.04509908435832061, "himself": 0.4042602380713353, "his": 0.3591611537130147}, "after": {"himself - his": 0.10365191143398206, "himself": 0.3699204349915832, "his": 0.26626852355760117}, "all": {"himself - his": 0.06803702098708952, "himself": 0.3413723566180032, "his": 0.27333533563091367}, "allen": {"himself - his": 0.22746824272040833, "himself": 0.47976897789045575, "his": 0.2523007351700474}, "and": {"himself - his": -0.07225804858869572, "himself": 0.32793992150963874, "his": 0.40019797009833447}, "any": {"himself - his": 0.123380700093629, "himself": 0.3326518904910585, "his": 0.20927119039742947}, "anyone": {"himself - his": 0.2503473875577308, "himself": 0.35392413949364904, "his": 0.10357675193591827}, "are": {"himself - his": 0.11180043677623122, "himself": 0.30481271002793237, "his": 0.19301227325170114}, "arrested": {"himself - his": 0.1537994148807828, "himself": 0.44399183991753555, "his": 0.29019242503675274}, "ass": {"himself - his": 0.1532643877177679, "himself": 0.44757128473502505, "his": 0.29430689701725715}, "bad": {"himself - his": 0.13837076009844795, "himself": 0.38019196069753664, "his": 0.24182120059908868}, "be": {"himself - his": 0.05655322172630839, "himself": 0.34310766491132555, "his": 0.28655444318501716}, "because": {"himself - his": 0.07928302720113861, "himself": 0.333940838198078, "his": 0.2546578109969394}, "before": {"himself - his": 0.24847049345241315, "himself": 0.3668709390186548, "his": 0.11840044556624166}, "being": {"himself - his": 0.09056422525090246, "himself": 0.3554351624630274, "his": 0.26487093721212496}, "but": {"himself - his": 0.1896021478835283, "himself": 0.3991900301082231, "his": 0.20958788222469482}, "by": {"himself - his": 0.1435600116919878, "himself": 0.4359243480562185, "his": 0.2923643363642307}, "camera": {"himself - his": 0.22912793782934393, "himself": 0.47227859061641425, "his": 0.24315065278707032}, "chatroom": {"himself - his": 0.21253291641421063, "himself": 0.5405416191615336, "his": 0.328008702747323}, "cheering": {"himself - his": 0.21253291641421063, "himself": 0.5405416191615336, "his": 0.328008702747323}, "couple": {"himself - his": 0.19234879343988187, "himself": 0.3977926477519722, "his": 0.20544385431209033}, "d": {"himself - his": 0.24745966711777967, "himself": 0.3735568716692449, "his": 0.12609720455146523}, "day": {"himself - his": 0.10604345220398673, "himself": 0.340803473690107, "his": 0.23476002148612027}, "devil": {"himself - his": 0.22647927786924898, "himself": 0.48415046601796574, "his": 0.25767118814871676}, "did": {"himself - his": 0.15675401397196637, "himself": 0.43017606025596405, "his": 0.2734220462839977}, "digital": {"himself - his": 0.2173899080124928, "himself": 0.5219256320123388, "his": 0.30453572399984596}, "e": {"himself - his": 0.24061649248214556, "himself": 0.4146394211534098, "his": 0.17402292867126423}, "either": {"himself - his": 0.24045074631194607, "himself": 0.4155587891066234, "his": 0.17510804279467734}, "even": {"himself - his": 0.10574802606497496, "himself": 0.3445342280246553, "his": 0.2387862019596803}, "everyone": {"himself - his": 0.16031663166879961, "himself": 0.39714461745594243, "his": 0.23682798578714281}, "expressed": {"himself - his": 0.2856842640355998, "himself": 0.5757131329421725, "his": 0.2900288689065727}, "find": {"himself - his": 0.19868065077910613, "himself": 0.3510104423708422, "his": 0.1523297915917361}, "for": {"himself - his": 0.051425076377998535, "himself": 0.35542483936564445, "his": 0.3039997629876459}, "forum": {"himself - his": 0.1627369211403443, "himself": 0.37789171385894843, "his": 0.21515479271860413}, "friend": {"himself - his": 0.20859633155542012, "himself": 0.48683810710240255, "his": 0.27824177554698243}, "from": {"himself - his": 0.0728393497058254, "himself": 0.3608659054428824, "his": 0.288026555737057}, "get": {"himself - his": 0.11365584816652824, "himself": 0.379124438522813, "his": 0.2654685903562848}, "god": {"himself - his": 0.11858794281099888, "himself": 0.3845904272958965, "his": 0.2660024844848976}, "guy": {"himself - his": 0.11853704498847045, "himself": 0.38510168793674837, "his": 0.2665646429482779}, "have": {"himself - his": -0.033468687445283335, "himself": 0.22094194845812734, "his": 0.2544106359034107}, "having": {"himself - his": 0.24168367249142605, "himself": 0.408644140585384, "his": 0.16696046809395795}, "he": {"himself - his": -0.034699168189489316, "himself": 0.3963642610234274, "his": 0.43106342921291674}, "here": {"himself - his": 0.2865485384726704, "himself": 0.38093250948706986, "his": 0.09438397101439945}, "him": {"himself - his": 0.008088607408300197, "himself": 0.4366755076356669, "his": 0.42858690022736673}, "himself": {"himself - his": 0.5144056218195441, "himself": 0.7499121899325186, "his": 0.23550656811297457}, "his": {"himself - his": -0.3324454326467977, "himself": 0.34202267292408417, "his": 0.6744681055708819}, "home": {"himself - his": 0.10447136561837217, "himself": 0.3602105552189666, "his": 0.25573918960059444}, "https": {"himself - his": 0.2476490001137563, "himself": 0.3723187620458866, "his": 0.1246697619321303}, "i": {"himself - his": 0.0759280708637583, "himself": 0.39378766399378756, "his": 0.31785959313002926}, "if": {"himself - his": 0.0023883456610078735, "himself": 0.2684059093425819, "his": 0.26601756368157403}, "in": {"himself - his": 0.0730310891221519, "himself": 0.42919695864450363, "his": 0.35616586952235174}, "into": {"himself - his": 0.067115837559376, "himself": 0.34530774686976357, "his": 0.27819190931038756}, "is": {"himself - his": -0.026895013901766907, "himself": 0.2726847912611772, "his": 0.2995798051629441}, "it": {"himself - his": 0.09270923312469798, "himself": 0.3796146110184662, "his": 0.28690537789376824}, "jew": {"himself - his": 0.13799686955887985, "himself": 0.3835820623019155, "his": 0.24558519274303564}, "just": {"himself - his": 0.13341318149334547, "himself": 0.35895371363158113, "his": 0.22554053213823566}, "killed": {"himself - his": 0.09872013027290655, "himself": 0.4236210647752854, "his": 0.32490093450237884}, "know": {"himself - his": 0.0929854993676493, "himself": 0.32098550943633436, "his": 0.22800001006868506}, "live": {"himself - his": 0.25026275554332567, "himself": 0.35452402539096683, "his": 0.1042612698476412}, "lol": {"himself - his": 0.1919539207421181, "himself": 0.40046889226648613, "his": 0.20851497152436804}, "m": {"himself - his": 0.10802161934643528, "himself": 0.314685562484159, "his": 0.20666394313772374}, "mail": {"himself - his": 0.23630796956685524, "himself": 0.4376048117284454, "his": 0.20129684216159016}, "maybe": {"himself - his": 0.13956288048488846, "himself": 0.3691428020004901, "his": 0.22957992151560164}, "me": {"himself - his": 0.09497736015641692, "himself": 0.28983137523719216, "his": 0.19485401508077524}, "moment": {"himself - his": 0.23570357877400722, "himself": 0.440683318492337, "his": 0.20497973971832978}, "more": {"himself - his": 0.16273011207912627, "himself": 0.3863960505065221, "his": 0.22366593842739582}, "morning": {"himself - his": 0.23570357877400722, "himself": 0.440683318492337, "his": 0.20497973971832978}, "my": {"himself - his": 0.024597304482664062, "himself": 0.2512675258103578, "his": 0.2266702213276937}, "n": {"himself - his": 0.02416338971699386, "himself": 0.2693702698528619, "his": 0.24520688013586803}, "negro": {"himself - his": 0.06513443402508495, "himself": 0.37880042561957084, "his": 0.3136659915944859}, "new": {"himself - his": 0.16822817781544, "himself": 0.32893112589795254, "his": 0.16070294808251254}, "nordic": {"himself - his": 0.23917468476621404, "himself": 0.4225357727084399, "his": 0.18336108794222586}, "not": {"himself - his": 0.041178770135085946, "himself": 0.26188157968261416, "his": 0.22070280954752822}, "of": {"himself - his": 0.060005723649819154, "himself": 0.4149799409649638, "his": 0.35497421731514467}, "on": {"himself - his": -0.11295499000243908, "himself": 0.22194757523359687,