{"100": {"himself - they": 0.25977059882063225, "himself": 0.411980495176679, "they": 0.1522098963560468}, "395023": {"himself - they": 0.32321388808717266, "himself": 0.5405416191615336, "they": 0.217327731074361}, "5syk36rbphm": {"himself - they": 0.32321388808717266, "himself": 0.5405416191615336, "they": 0.217327731074361}, "84": {"himself - they": 0.33656176435660556, "himself": 0.5017374050672441, "they": 0.16517564071063853}, "a": {"himself - they": 0.09892970425545322, "himself": 0.4042602380713353, "they": 0.3053305338158821}, "accusations": {"himself - they": 0.32983318995322264, "himself": 0.5219256320123388, "they": 0.19209244205911613}, "after": {"himself - they": 0.1458264152486595, "himself": 0.3699204349915832, "they": 0.22409401974292373}, "agent": {"himself - they": 0.33375781125535997, "himself": 0.510319685506992, "they": 0.17656187425163206}, "all": {"himself - they": 0.045500030126028546, "himself": 0.3413723566180032, "they": 0.29587232649197465}, "and": {"himself - they": -0.03583426680204033, "himself": 0.32793992150963874, "they": 0.36377418831167907}, "any": {"himself - they": 0.13040070525868727, "himself": 0.3326518904910585, "they": 0.2022511852323712}, "anyone": {"himself - they": 0.17706343455858942, "himself": 0.35392413949364904, "they": 0.17686070493505962}, "apologize": {"himself - they": 0.29845303156830005, "himself": 0.49487044730887914, "they": 0.19641741574057908}, "are": {"himself - they": -0.07497727304091922, "himself": 0.30481271002793237, "they": 0.3797899830688516}, "arrested": {"himself - they": 0.2867649470402437, "himself": 0.44399183991753555, "they": 0.15722689287729189}, "ass": {"himself - they": 0.28590575906241406, "himself": 0.44757128473502505, "they": 0.161665525672611}, "avoid": {"himself - they": 0.30802209125833757, "himself": 0.4605671502639468, "they": 0.15254505900560922}, "bad": {"himself - they": 0.20123203965429684, "himself": 0.38019196069753664, "they": 0.1789599210432398}, "be": {"himself - they": 0.032172755377249174, "himself": 0.34310766491132555, "they": 0.3109349095340764}, "because": {"himself - they": 0.03286773118578662, "himself": 0.333940838198078, "they": 0.3010731070122914}, "before": {"himself - they": 0.17056592222778666, "himself": 0.3668709390186548, "they": 0.19630501679086815}, "being": {"himself - they": 0.15130967265245407, "himself": 0.3554351624630274, "they": 0.20412548981057335}, "biewers": {"himself - they": 0.32321388808717266, "himself": 0.5405416191615336, "they": 0.217327731074361}, "but": {"himself - they": 0.12849738221015267, "himself": 0.3991900301082231, "they": 0.27069264789807046}, "by": {"himself - they": 0.20804126093834827, "himself": 0.4359243480562185, "they": 0.22788308711787023}, "camera": {"himself - they": 0.3455644333473603, "himself": 0.47227859061641425, "they": 0.1267141572690539}, "couple": {"himself - they": 0.2289875981949355, "himself": 0.3977926477519722, "they": 0.1688050495570367}, "d": {"himself - they": 0.17434851579674832, "himself": 0.3735568716692449, "they": 0.19920835587249658}, "day": {"himself - they": 0.15308482372534912, "himself": 0.340803473690107, "they": 0.18771864996475787}, "dea": {"himself - they": 0.32321388808717266, "himself": 0.5405416191615336, "they": 0.217327731074361}, "dealer": {"himself - they": 0.33656176435660556, "himself": 0.5017374050672441, "they": 0.16517564071063853}, "demanding": {"himself - they": 0.33375781125535997, "himself": 0.510319685506992, "they": 0.17656187425163206}, "desperately": {"himself - they": 0.290116621966524, "himself": 0.5219256320123388, "they": 0.23180901004581475}, "despite": {"himself - they": 0.30156194892041577, "himself": 0.48415046601796574, "they": 0.18258851709755}, "devil": {"himself - they": 0.30156194892041577, "himself": 0.48415046601796574, "they": 0.18258851709755}, "did": {"himself - they": 0.19558133246237497, "himself": 0.43017606025596405, "they": 0.2345947277935891}, "drug": {"himself - they": 0.28791817613623727, "himself": 0.43911749480617934, "they": 0.15119931866994205}, "e": {"himself - they": 0.2934200614591335, "himself": 0.4146394211534098, "they": 0.12121935969427627}, "either": {"himself - they": 0.23537299494218794, "himself": 0.4155587891066234, "they": 0.18018579416443548}, "entertainment": {"himself - they": 0.30389696659261156, "himself": 0.4758419842921146, "they": 0.17194501769950304}, "even": {"himself - they": 0.12326956758827526, "himself": 0.3445342280246553, "they": 0.22126466043638002}, "everyone": {"himself - they": 0.22910381969752971, "himself": 0.39714461745594243, "they": 0.1680407977584127}, "expressed": {"himself - they": 0.39915125869054047, "himself": 0.5757131329421725, "they": 0.17656187425163206}, "false": {"himself - they": 0.34956117567497347, "himself": 0.4581012316049836, "they": 0.10854005593001013}, "film": {"himself - they": 0.351887547156748, "himself": 0.4494786329622445, "they": 0.09759108580549648}, "find": {"himself - they": 0.1284108194642221, "himself": 0.3510104423708422, "they": 0.22259962290662014}, "for": {"himself - they": 0.08984565970482161, "himself": 0.35542483936564445, "they": 0.26557917966082284}, "forum": {"himself - they": 0.3007927465140827, "himself": 0.37789171385894843, "they": 0.07709896734486568}, "friend": {"himself - they": 0.33358210994968557, "himself": 0.48683810710240255, "they": 0.15325599715271698}, "from": {"himself - they": 0.13790163548415388, "himself": 0.3608659054428824, "they": 0.2229642699587285}, "fun": {"himself - they": 0.26835849868499106, "himself": 0.44230651090247175, "they": 0.17394801221748066}, "funny": {"himself - they": 0.17225293680334655, "himself": 0.41942091295297673, "they": 0.24716797614963018}, "future": {"himself - they": 0.23670083855990529, "himself": 0.408644140585384, "they": 0.17194330202547872}, "get": {"himself - they": 0.1065734504986276, "himself": 0.379124438522813, "they": 0.2725509880241854}, "god": {"himself - they": 0.1883997936210149, "himself": 0.3845904272958965, "they": 0.1961906336748816}, "gotten": {"himself - they": 0.2502837906403669, "himself": 0.45577402246581733, "they": 0.20549023182545048}, "guy": {"himself - they": 0.24100596366563232, "himself": 0.38510168793674837, "they": 0.14409572427111605}, "hanged": {"himself - they": 0.32983318995322264, "himself": 0.5219256320123388, "they": 0.19209244205911613}, "have": {"himself - they": -0.10490665900457005, "himself": 0.22094194845812734, "they": 0.3258486074626974}, "having": {"himself - they": 0.24769696198327287, "himself": 0.408644140585384, "they": 0.16094717860211114}, "he": {"himself - they": 0.24497494175181478, "himself": 0.3963642610234274, "they": 0.15138931927161264}, "here": {"himself - they": 0.1840764745306479, "himself": 0.38093250948706986, "they": 0.19685603495642195}, "him": {"himself - they": 0.25952085272067255, "himself": 0.4366755076356669, "they": 0.17715465491499438}, "himself": {"himself - they": 0.5904962830043039, "himself": 0.7499121899325186, "they": 0.15941590692821472}, "his": {"himself - they": 0.1607917775212533, "himself": 0.34202267292408417, "they": 0.18123089540283088}, "home": {"himself - they": 0.14703784716166562, "himself": 0.3602105552189666, "they": 0.21317270805730099}, "https": {"himself - they": 0.32776850291769066, "himself": 0.3723187620458866, "they": 0.04455025912819592}, "i": {"himself - they": 0.12579917831820936, "himself": 0.39378766399378756, "they": 0.2679884856755782}, "if": {"himself - they": -0.027318851104277175, "himself": 0.2684059093425819, "they": 0.2957247604468591}, "immigration": {"himself - they": 0.25559549200633624, "himself": 0.4320157480588263, "they": 0.17642025605249004}, "in": {"himself - they": 0.12159983251738604, "himself": 0.42919695864450363, "they": 0.3075971261271176}, "increased": {"himself - they": 0.29377953319090083, "himself": 0.510319685506992, "they": 0.2165401523160912}, "interrupted": {"himself - they": 0.32321388808717266, "himself": 0.5405416191615336,