{"100": {"himself - their": 0.2256601763954201, "himself": 0.411980495176679, "their": 0.1863203187812589}, "a": {"himself - their": 0.11368380696385061, "himself": 0.4042602380713353, "their": 0.2905764311074847}, "accusations": {"himself - their": 0.28973550185035657, "himself": 0.5219256320123388, "their": 0.23219013016198223}, "after": {"himself - their": 0.16066824156969853, "himself": 0.3699204349915832, "their": 0.2092521934218847}, "all": {"himself - their": 0.05523700256297015, "himself": 0.3413723566180032, "their": 0.28613535405503304}, "and": {"himself - their": -0.05154395295671621, "himself": 0.32793992150963874, "their": 0.37948387446635495}, "any": {"himself - their": 0.1424000817963044, "himself": 0.3326518904910585, "their": 0.19025180869475408}, "anyone": {"himself - their": 0.1336032222717725, "himself": 0.35392413949364904, "their": 0.22032091722187655}, "apologize": {"himself - their": 0.2979078638592875, "himself": 0.49487044730887914, "their": 0.1969625834495916}, "are": {"himself - their": -0.039642082998083306, "himself": 0.30481271002793237, "their": 0.34445479302601567}, "arrested": {"himself - their": 0.3113780212211139, "himself": 0.44399183991753555, "their": 0.13261381869642166}, "ass": {"himself - their": 0.26645816035866665, "himself": 0.44757128473502505, "their": 0.18111312437635838}, "avoid": {"himself - their": 0.307255732160326, "himself": 0.4605671502639468, "their": 0.1533114181036208}, "bad": {"himself - their": 0.16805096918224716, "himself": 0.38019196069753664, "their": 0.21214099151528948}, "be": {"himself - their": 0.07734066354686636, "himself": 0.34310766491132555, "their": 0.2657670013644592}, "because": {"himself - their": 0.039361790574253874, "himself": 0.333940838198078, "their": 0.29457904762382414}, "before": {"himself - their": 0.21644715351265426, "himself": 0.3668709390186548, "their": 0.15042378550600055}, "being": {"himself - their": 0.1334411993734241, "himself": 0.3554351624630274, "their": 0.2219939630896033}, "but": {"himself - their": 0.1340049348371708, "himself": 0.3991900301082231, "their": 0.26518509527105233}, "by": {"himself - their": 0.16754846941947593, "himself": 0.4359243480562185, "their": 0.26837587863674256}, "camera": {"himself - their": 0.30418938787420974, "himself": 0.47227859061641425, "their": 0.1680892027422045}, "couple": {"himself - their": 0.21159376694629412, "himself": 0.3977926477519722, "their": 0.1861988808056781}, "d": {"himself - their": 0.21544040999943245, "himself": 0.3735568716692449, "their": 0.15811646166981244}, "day": {"himself - their": 0.15607189326246107, "himself": 0.340803473690107, "their": 0.18473158042764593}, "despite": {"himself - their": 0.25765123085505104, "himself": 0.48415046601796574, "their": 0.22649923516291473}, "devil": {"himself - their": 0.30094919011751375, "himself": 0.48415046601796574, "their": 0.18320127590045202}, "did": {"himself - their": 0.2831094727270662, "himself": 0.43017606025596405, "their": 0.14706658752889784}, "drug": {"himself - their": 0.2683463878953456, "himself": 0.43911749480617934, "their": 0.17077110691083375}, "e": {"himself - their": 0.2735089214306507, "himself": 0.4146394211534098, "their": 0.1411304997227591}, "either": {"himself - their": 0.2085753054011984, "himself": 0.4155587891066234, "their": 0.20698348370542502}, "entertainment": {"himself - their": 0.2597434410266556, "himself": 0.4758419842921146, "their": 0.216098543265459}, "even": {"himself - their": 0.06286951588312861, "himself": 0.3445342280246553, "their": 0.28166471214152666}, "everyone": {"himself - their": 0.2282746028534383, "himself": 0.39714461745594243, "their": 0.16887001460250411}, "false": {"himself - their": 0.23679009673306592, "himself": 0.4581012316049836, "their": 0.2213111348719177}, "find": {"himself - their": 0.14044166542306669, "himself": 0.3510104423708422, "their": 0.21056877694777554}, "for": {"himself - their": 0.05343497003581199, "himself": 0.35542483936564445, "their": 0.30198986932983246}, "forum": {"himself - their": 0.21477516426136142, "himself": 0.37789171385894843, "their": 0.163116549597587}, "friend": {"himself - their": 0.3924354416446534, "himself": 0.48683810710240255, "their": 0.09440266545774918}, "from": {"himself - their": 0.11439402757759506, "himself": 0.3608659054428824, "their": 0.24647187786528732}, "fun": {"himself - their": 0.3117830420822493, "himself": 0.44230651090247175, "their": 0.13052346882022245}, "funny": {"himself - their": 0.1822927527631844, "himself": 0.41942091295297673, "their": 0.23712816018979233}, "future": {"himself - their": 0.20977023896329852, "himself": 0.408644140585384, "their": 0.19887390162208549}, "get": {"himself - their": 0.12324769810420505, "himself": 0.379124438522813, "their": 0.255876740418608}, "god": {"himself - their": 0.15876944613082591, "himself": 0.3845904272958965, "their": 0.22582098116507057}, "gotten": {"himself - their": 0.3084738279156371, "himself": 0.45577402246581733, "their": 0.14730019455018023}, "guy": {"himself - their": 0.21364678040676532, "himself": 0.38510168793674837, "their": 0.17145490752998305}, "have": {"himself - their": -0.09101933966800327, "himself": 0.22094194845812734, "their": 0.3119612881261306}, "having": {"himself - their": 0.1840184477716444, "himself": 0.408644140585384, "their": 0.22462569281373962}, "he": {"himself - their": 0.2901688453562726, "himself": 0.3963642610234274, "their": 0.10619541566715486}, "here": {"himself - their": 0.17869126484598993, "himself": 0.38093250948706986, "their": 0.20224124464107993}, "him": {"himself - their": 0.33352895023632545, "himself": 0.4366755076356669, "their": 0.10314655739934146}, "his": {"himself - their": 0.19351756928113673, "himself": 0.34202267292408417, "their": 0.14850510364294744}, "home": {"himself - their": 0.08755140400316558, "himself": 0.3602105552189666, "their": 0.27265915121580103}, "https": {"himself - their": 0.28138997179985886, "himself": 0.3723187620458866, "their": 0.09092879024602775}, "i": {"himself - their": 0.12668358656330114, "himself": 0.39378766399378756, "their": 0.2671040774304864}, "if": {"himself - their": 0.014197373596165463, "himself": 0.2684059093425819, "their": 0.25420853574641644}, "immigration": {"himself - their": 0.24230409816473683, "himself": 0.4320157480588263, "their": 0.18971164989408948}, "in": {"himself - their": 0.08367812958204573, "himself": 0.42919695864450363, "their": 0.3455188290624579}, "into": {"himself - their": 0.11177607992883243, "himself": 0.34530774686976357, "their": 0.23353166694093114}, "is": {"himself - their": -0.02709557317350575, "himself": 0.2726847912611772, "their": 0.2997803644346829}, "islam": {"himself - their": 0.3065798819174919, "himself": 0.46319101274774555, "their": 0.15661113083025363}, "it": {"himself - their": 0.09273175514777782, "himself": 0.3796146110184662, "their": 0.2868828558706884}, "jew": {"himself - their": 0.1878263591618335, "himself": 0.3835820623019155, "their": 0.195755703140082}, "just": {"himself - their": 0.10946018667787433, "himself": 0.35895371363158113, "their": 0.2494935269537068}, "killed": {"himself - their": 0.27166689934375543, "himself": 0.4236210647752854, "their": 0.15195416543152998}, "know": {"himself - their": 0.07128123992119015, "himself": 0.32098550943633436, "their": 0.2497042695151442}, "live": {"himself - their": 0.19188652346975, "himself": 0.35452402539096683, "their": 0.16263750192121684}, "lol": {"himself - their": 0.32102016394508726, "himself": 0.40046889226648613, "their": 0.07944872832139888}, "m": {"himself - their": 0.14421926934054877, "himself": 0.314685562484159, "their": 0.17046629314361025}, "mail": {"himself - their": 0.2686785165131652, "himself": 0.4376048117284454, "their": 0.1689262952152802}, "maybe": {"himself - their": 0.13194174910369083, "himself": 0.3691428020004901, "their": 0.23720105289679927}, "me": {"himself - their": 0.11659002012628183, "himself": 0.28983137523719216, "their": 0.17324135511091032},