{"12": {"gay - man": 0.10897382433217892, "gay": 0.33261435005594214, "man": 0.22364052572376322}, "20": {"gay - man": 0.056019381986260774, "gay": 0.3171170182430329, "man": 0.2610976362567721}, "9": {"gay - man": 0.109819897217451, "gay": 0.32007192514348526, "man": 0.21025202792603426}, "a": {"gay - man": -0.07555451004183061, "gay": 0.3185280405536974, "man": 0.394082550595528}, "about": {"gay - man": -0.024932375735321616, "gay": 0.18081489463779463, "man": 0.20574727037311624}, "all": {"gay - man": 0.006231433929848318, "gay": 0.26638660997311403, "man": 0.2601551760432657}, "an": {"gay - man": -0.10764130625331395, "gay": 0.20416605708002697, "man": 0.3118073633333409}, "and": {"gay - man": -0.03619683295389248, "gay": 0.3426108028061029, "man": 0.3788076357599954}, "anti": {"gay - man": 0.18721688635256262, "gay": 0.44879343989113013, "man": 0.2615765535385675}, "any": {"gay - man": 0.05875038658676718, "gay": 0.23036131214393932, "man": 0.17161092555717214}, "are": {"gay - man": 0.14283735826517246, "gay": 0.37451165546260606, "man": 0.2316742971974336}, "around": {"gay - man": 0.02319823010632832, "gay": 0.24230142905520102, "man": 0.2191031989488727}, "as": {"gay - man": 0.04066984134755097, "gay": 0.30561045965241845, "man": 0.2649406183048675}, "at": {"gay - man": 0.04163772014430653, "gay": 0.2855405370323465, "man": 0.24390281688803997}, "b": {"gay - man": 0.1093891067186705, "gay": 0.32653347516450876, "man": 0.21714436844583826}, "back": {"gay - man": -0.0031051007683579046, "gay": 0.2292298231880766, "man": 0.2323349239564345}, "be": {"gay - man": -0.016617618361864678, "gay": 0.2225641675538312, "man": 0.2391817859156959}, "beating": {"gay - man": 0.10488919365991134, "gay": 0.38629541978740645, "man": 0.2814062261274951}, "beautiful": {"gay - man": 0.11072607464082276, "gay": 0.3059150773895706, "man": 0.19518900274874781}, "because": {"gay - man": 0.069439486402535, "gay": 0.3435654563470742, "man": 0.2741259699445392}, "better": {"gay - man": 0.1116956535992456, "gay": 0.28978772395843566, "man": 0.17809207035919006}, "brother": {"gay - man": 0.055576100107691984, "gay": 0.3288797483035058, "man": 0.2733036481958138}, "brown": {"gay - man": -0.003061221762960531, "gay": 0.2903758635860459, "man": 0.2934370853490064}, "btw": {"gay - man": 0.10719449725255464, "gay": 0.35723006123906836, "man": 0.2500355639865137}, "bulgarian": {"gay - man": 0.10521458251591503, "gay": 0.382357289307344, "man": 0.27714270679142894}, "but": {"gay - man": 0.04202810113516042, "gay": 0.2696359246510539, "man": 0.22760782351589348}, "by": {"gay - man": -0.03853795691856732, "gay": 0.2661766556423075, "man": 0.30471461256087484}, "called": {"gay - man": 0.11095825667553808, "gay": 0.30215229058316906, "man": 0.19119403390763098}, "city": {"gay - man": 0.19599265607498761, "gay": 0.42642749753303844, "man": 0.23043484145805082}, "come": {"gay - man": 0.05771841124640659, "gay": 0.2667991684867617, "man": 0.20908075724035513}, "constantly": {"gay - man": 0.10363847950570027, "gay": 0.40099347696909554, "man": 0.2973549974633953}, "country": {"gay - man": 0.058112775037441, "gay": 0.25355272073990537, "man": 0.19543994570246437}, "crime": {"gay - man": -0.0030561535767114623, "gay": 0.2953110512667621, "man": 0.29836720484347357}, "criminal": {"gay - man": 0.10735220302796727, "gay": 0.3551335293325131, "man": 0.2477813263045458}, "culture": {"gay - man": 0.11062749391788904, "gay": 0.30749512414184604, "man": 0.196867630223957}, "dating": {"gay - man": 0.020992522754159415, "gay": 0.382357289307344, "man": 0.36136476655318456}, "day": {"gay - man": -0.042220213620645125, "gay": 0.23911272931733032, "man": 0.28133294293797545}, "do": {"gay - man": 0.09054478668463428, "gay": 0.311483384651383, "man": 0.2209385979667487}, "done": {"gay - man": 0.11072607464082276, "gay": 0.3059150773895706, "man": 0.19518900274874781}, "down": {"gay - man": 0.023138035317105593, "gay": 0.24709787486507354, "man": 0.22395983954796794}, "even": {"gay - man": 0.12622656789496858, "gay": 0.3109417374610052, "man": 0.1847151695660366}, "ever": {"gay - man": 0.11318189784414667, "gay": 0.2625623962620298, "man": 0.14938049841788315}, "face": {"gay - man": 0.10988582796514834, "gay": 0.3190684929780839, "man": 0.20918266501293553}, "family": {"gay - man": 0.17756130225419064, "gay": 0.3550373950852266, "man": 0.17747609283103594}, "famous": {"gay - man": 0.10577767103222369, "gay": 0.3754217905526198, "man": 0.26964411952039613}, "first": {"gay - man": 0.09032434450394478, "gay": 0.3231548763674664, "man": 0.23283053186352165}, "for": {"gay - man": -0.021287205419756594, "gay": 0.3102720307063573, "man": 0.3315592361261139}, "force": {"gay - man": 0.02179056984541894, "gay": 0.338066692043886, "man": 0.31627612219846707}, "friends": {"gay - man": 0.1781307449100716, "gay": 0.34976809161424605, "man": 0.17163734670417444}, "from": {"gay - man": 0.12287877677520898, "gay": 0.3930186576832394, "man": 0.2701398809080304}, "full": {"gay - man": 0.08703614532265386, "gay": 0.37559975753270997, "man": 0.2885636122100561}, "future": {"gay - man": 0.056187504400662, "gay": 0.3125297991722355, "man": 0.2563422947715735}, "gay": {"gay - man": 0.4883555757328074, "gay": 0.7119961014565707, "man": 0.22364052572376322}, "genocide": {"gay - man": 0.10946550761748639, "gay": 0.32539923643435326, "man": 0.21593372881686687}, "glad": {"gay - man": 0.10848999896413958, "gay": 0.3395282081788679, "man": 0.23103820921472834}, "god": {"gay - man": 0.11189207561398118, "gay": 0.2863788706607983, "man": 0.17448679504681713}, "great": {"gay - man": 0.023115421862462404, "gay": 0.24887777212404738, "man": 0.22576235026158498}, "group": {"gay - man": 0.1780220039321509, "gay": 0.3507832518628138, "man": 0.1727612479306629}, "gypsy": {"gay - man": 0.10239277946248637, "gay": 0.4150039721576905, "man": 0.31261119269520415}, "hall": {"gay - man": 0.1142689469400206, "gay": 0.4432872774575441, "man": 0.3290183305175235}, "has": {"gay - man": -0.016132896454967238, "gay": 0.28341107790892084, "man": 0.2995439743638881}, "have": {"gay - man": 0.0416759981463343, "gay": 0.2655600483084889, "man": 0.2238840501621546}, "he": {"gay - man": -0.02763681422995018, "gay": 0.2808250738851172, "man": 0.30846188811506736}, "head": {"gay - man": 0.109819897217451, "gay": 0.32007192514348526, "man": 0.21025202792603426}, "hell": {"gay - man": 0.12239364548712789, "gay": 0.36024727464174416, "man": 0.23785362915461628}, "here": {"gay - man": -0.043127993897087186, "gay": 0.19425900171109664, "man": 0.23738699560818383}, "high": {"gay - man": 0.1773768418607607, "gay": 0.3567200648421205, "man": 0.1793432229813598}, "his": {"gay - man": -0.027157036461217476, "gay": 0.3083489917165534, "man": 0.33550602817777087}, "home": {"gay - man": 0.05792333274726935, "gay": 0.260008194091471, "man": 0.20208486134420167}, "how": {"gay - man": 0.1278378889852417, "gay": 0.28682993066969575, "man": 0.15899204168445405}, "i": {"gay - man": -0.12288349856601916, "gay": 0.17268396469878788, "man": 0.29556746326480704}, "if": {"gay - man": 0.07235820992527744, "gay": 0.2779347513604833, "man": 0.20557654143520585}, "in": {"gay - man": 0.004959006713022462, "gay": 0.37530818831793283, "man": 0.37034918160491037}, "is": {"gay - man": 0.13234731993949245, "gay": 0.4381859402767081, "man": 0.30583862033721565}, "it": {"gay - man": 0.042357067086791766, "gay": 0.31140576525999647, "man": 0.2690486981732047}, "its": {"gay - man": 0.18211015677690803, "gay": 0.3091159590657023, "man": 0.12700580228879424}, "job": {"gay - man": 0.10995027665690049, "gay": 0.3180837706829696, "man": 0.20813349402606912}, "kill": {"gay - man": 0.05548121483109364, "gay": 0.33133876373232385, "man": 0.2758575489012302}, "know": {"gay - man": 0.12784953919957098, "gay": 0.2866457459731065, "man": 0.1587962067735355}, "last": {"gay - man": 0.10717126912122033, "gay": 0.3641396245458601, "man": 0.25696835542463975}, "lesbian": {"gay - man": 0.16249146111472929,