{"28": {"his - straight": -0.18058599540752712, "his": 0.24315065278707032, "straight": 0.42373664819459744}, "a": {"his - straight": -0.022674942696436218, "his": 0.3591611537130147, "straight": 0.38183609640945093}, "about": {"his - straight": -0.020160571715186815, "his": 0.28406015834045806, "straight": 0.3042207300556449}, "ago": {"his - straight": -0.08541573069017594, "his": 0.22831137499648457, "straight": 0.3137271056866605}, "all": {"his - straight": -0.08937000011742624, "his": 0.27333533563091367, "straight": 0.3627053357483399}, "almost": {"his - straight": -0.1892988450488504, "his": 0.1688902510007865, "straight": 0.3581890960496369}, "an": {"his - straight": -0.06656142947066385, "his": 0.25947791713742946, "straight": 0.3260393466080933}, "and": {"his - straight": -0.02911179114251672, "his": 0.40019797009833447, "straight": 0.4293097612408512}, "any": {"his - straight": -0.06745030871309105, "his": 0.20927119039742947, "straight": 0.2767214991105205}, "anyone": {"his - straight": -0.19540035308177822, "his": 0.10357675193591827, "straight": 0.2989771050176965}, "appreciate": {"his - straight": -0.18156791692853538, "his": 0.23550656811297457, "straight": 0.41707448504150996}, "are": {"his - straight": -0.04351609920888877, "his": 0.19301227325170114, "straight": 0.23652837246058991}, "around": {"his - straight": -0.06699460525220122, "his": 0.2213527907814962, "straight": 0.2883473960336974}, "as": {"his - straight": -0.051363061522987474, "his": 0.278088369799106, "straight": 0.3294514313220935}, "ass": {"his - straight": -0.10325377069645131, "his": 0.29430689701725715, "straight": 0.39756066771370846}, "at": {"his - straight": -0.014696751605927205, "his": 0.32857452149293975, "straight": 0.34327127309886696}, "attention": {"his - straight": -0.13517894622895665, "his": 0.25509674716577707, "straight": 0.3902756933947337}, "band": {"his - straight": -0.1886408038700223, "his": 0.17510804279467734, "straight": 0.36374884666469964}, "be": {"his - straight": 0.08677984855474905, "his": 0.28655444318501716, "straight": 0.19977459463026812}, "became": {"his - straight": -0.18156791692853538, "his": 0.23550656811297457, "straight": 0.41707448504150996}, "black": {"his - straight": -0.03370074374858245, "his": 0.288330105380994, "straight": 0.32203084912957647}, "blonde": {"his - straight": -0.18156791692853538, "his": 0.23550656811297457, "straight": 0.41707448504150996}, "broke": {"his - straight": -0.181099244666584, "his": 0.23917380972275093, "straight": 0.42027305438933493}, "by": {"his - straight": 0.048536602176396326, "his": 0.2923643363642307, "straight": 0.24382773418783438}, "ca": {"his - straight": -0.08435143964532776, "his": 0.2484265064718928, "straight": 0.33277794611722056}, "can": {"his - straight": -0.10678585815345598, "his": 0.25236826840737503, "straight": 0.359154126560831}, "com": {"his - straight": -0.14203513888093447, "his": 0.1979943450564096, "straight": 0.34002948393734406}, "community": {"his - straight": -0.1892988450488504, "his": 0.1688902510007865, "straight": 0.3581890960496369}, "could": {"his - straight": -0.06680619970753632, "his": 0.22620769472568553, "straight": 0.29301389443322184}, "day": {"his - straight": -0.05048388420829894, "his": 0.23476002148612027, "straight": 0.2852439056944192}, "deviant": {"his - straight": -0.1741470299699162, "his": 0.2900288689065727, "straight": 0.4641758988764889}, "did": {"his - straight": -0.023102315822217334, "his": 0.2734220462839977, "straight": 0.296524362106215}, "do": {"his - straight": -0.16539048873624473, "his": 0.20735568539240734, "straight": 0.3727461741286521}, "down": {"his - straight": -0.09596916549982148, "his": 0.2698517525336941, "straight": 0.3658209180335156}, "either": {"his - straight": -0.2573606802392175, "his": 0.17510804279467734, "straight": 0.43246872303389483}, "event": {"his - straight": -0.18572465527396526, "his": 0.20129684216159016, "straight": 0.3870214974355554}, "eyes": {"his - straight": -0.2639621551813708, "his": 0.1321534616435041, "straight": 0.3961156168248749}, "face": {"his - straight": -0.15131384636149364, "his": 0.2802466110443367, "straight": 0.4315604574058303}, "fear": {"his - straight": -0.18630846485324407, "his": 0.19621702246299408, "straight": 0.38252548731623814}, "few": {"his - straight": -0.06732735691073391, "his": 0.21258039336475568, "straight": 0.2799077502754896}, "find": {"his - straight": -0.1435959209338475, "his": 0.1523297915917361, "straight": 0.2959257125255836}, "floor": {"his - straight": -0.07921826330770093, "his": 0.33210207786024837, "straight": 0.4113203411679493}, "for": {"his - straight": -0.016353601121457895, "his": 0.3039997629876459, "straight": 0.3203533641091038}, "force": {"his - straight": -0.18648943521357045, "his": 0.19462679288217585, "straight": 0.3811162280957463}, "forward": {"his - straight": -0.13480852814132965, "his": 0.2589657074590568, "straight": 0.39377423560038644}, "from": {"his - straight": -0.007534840335731763, "his": 0.288026555737057, "straight": 0.29556139607278875}, "full": {"his - straight": -0.10674415071916091, "his": 0.24804365874325643, "straight": 0.35478780946241734}, "get": {"his - straight": -0.049413823750934394, "his": 0.2654685903562848, "straight": 0.3148824141072192}, "gets": {"his - straight": -0.10620198980327866, "his": 0.2556261991712884, "straight": 0.3618281889745671}, "getting": {"his - straight": -0.13913448691485733, "his": 0.21093022551929128, "straight": 0.3500647124341486}, "go": {"his - straight": -0.05105543567932053, "his": 0.21536915166706871, "straight": 0.26642458734638924}, "god": {"his - straight": -0.13584456350552582, "his": 0.2660024844848976, "straight": 0.4018470479904234}, "good": {"his - straight": -0.012102964624727902, "his": 0.24287033552033513, "straight": 0.25497330014506303}, "got": {"his - straight": -0.07428214110734577, "his": 0.289157792911691, "straight": 0.3634399340190368}, "green": {"his - straight": -0.18731040857498416, "his": 0.18731593000687935, "straight": 0.3746263385818635}, "ground": {"his - straight": -0.18572465527396526, "his": 0.20129684216159016, "straight": 0.3870214974355554}, "groups": {"his - straight": -0.18731040857498416, "his": 0.18731593000687935, "straight": 0.3746263385818635}, "guy": {"his - straight": -0.06512324124236168, "his": 0.2665646429482779, "straight": 0.3316878841906396}, "hair": {"his - straight": -0.19194252055763192, "his": 0.14251091117726492, "straight": 0.33445343173489683}, "half": {"his - straight": -0.13965168663948752, "his": 0.20470074558397866, "straight": 0.3443524322234662}, "has": {"his - straight": 0.04808792658510885, "his": 0.30935116730832835, "straight": 0.2612632407232195}, "have": {"his - straight": 0.015319387912626603, "his": 0.2544106359034107, "straight": 0.23909124799078407}, "he": {"his - straight": 0.17241733996817216, "his": 0.43106342921291674, "straight": 0.2586460892447446}, "head": {"his - straight": -0.08247124057116262, "his": 0.281277606093537, "straight": 0.36374884666469964}, "her": {"his - straight": -0.02349215646038086, "his": 0.24955203845235488, "straight": 0.27304419491273574}, "here": {"his - straight": -0.14710466468412947, "his": 0.09438397101439945, "straight": 0.2414886356985289}, "him": {"his - straight": 0.12473612522630795, "his": 0.42858690022736673, "straight": 0.3038507750010588}, "himself": {"his - straight": -0.18156791692853538, "his": 0.23550656811297457, "straight": 0.41707448504150996}, "https": {"his - straight": -0.19359331121949985, "his": 0.1246697619321303, "straight": 0.31826307315163016}, "i": {"his - straight": 0.016007826071411158, "his": 0.31785959313002926, "straight": 0.3018517670586181}, "if": {"his - straight": -0.020442095534304205, "his": 0.26601756368157403, "straight": 0.28645965921587824}, "in": {"his - straight": 0.04384723703569271, "his": 0.35616586952235174, "straight": 0.31231863248665903}, "into": {"his - straight": -0.13137158157603251, "his": 0.27819190931038756,