{"5": {"him - straight": -0.16813131930482283, "him": 0.16575807644866997, "straight": 0.3338893957534928}, "a": {"him - straight": -0.020051791012197562, "him": 0.36178430539725337, "straight": 0.38183609640945093}, "about": {"him - straight": -0.042087873244624596, "him": 0.2621328568110203, "straight": 0.3042207300556449}, "add": {"him - straight": -0.16200881055640126, "him": 0.22661156319677023, "straight": 0.3886203737531715}, "ago": {"him - straight": -0.08158718665508977, "him": 0.23213991903157075, "straight": 0.3137271056866605}, "all": {"him - straight": -0.10082447087969337, "him": 0.26188086486864653, "straight": 0.3627053357483399}, "an": {"him - straight": -0.09432230258531632, "him": 0.23171704402277699, "straight": 0.3260393466080933}, "and": {"him - straight": -0.029559935930562886, "him": 0.3997498253102883, "straight": 0.4293097612408512}, "any": {"him - straight": -0.11829039578284894, "him": 0.15843110332767157, "straight": 0.2767214991105205}, "are": {"him - straight": -0.0441948129371213, "him": 0.19233355952346862, "straight": 0.23652837246058991}, "around": {"him - straight": -0.03632845475478663, "him": 0.2520189412789108, "straight": 0.2883473960336974}, "as": {"him - straight": -0.054067449406004775, "him": 0.2753839819160887, "straight": 0.3294514313220935}, "ass": {"him - straight": -0.10883745780473214, "him": 0.2887232099089763, "straight": 0.39756066771370846}, "at": {"him - straight": -0.016654360349375896, "him": 0.32661691274949106, "straight": 0.34327127309886696}, "bag": {"him - straight": -0.15834019061381382, "him": 0.25873429442769613, "straight": 0.41707448504150996}, "be": {"him - straight": 0.0886815968441432, "him": 0.2884561914744113, "straight": 0.19977459463026812}, "berber": {"him - straight": -0.1463015993122368, "him": 0.35012035961205135, "straight": 0.49642195892428814}, "black": {"him - straight": -0.06523094764251303, "him": 0.25679990148706344, "straight": 0.32203084912957647}, "blonde": {"him - straight": -0.15834019061381382, "him": 0.25873429442769613, "straight": 0.41707448504150996}, "by": {"him - straight": 0.009826372109091652, "him": 0.25365410629692603, "straight": 0.24382773418783438}, "ca": {"him - straight": -0.168243114218897, "him": 0.16453483189832355, "straight": 0.33277794611722056}, "can": {"him - straight": -0.11446666107935097, "him": 0.24468746548148004, "straight": 0.359154126560831}, "com": {"him - straight": -0.13215121955074774, "him": 0.20787826438659632, "straight": 0.34002948393734406}, "could": {"him - straight": -0.036197673502513794, "him": 0.25681622093070805, "straight": 0.29301389443322184}, "day": {"him - straight": -0.05724801438224869, "him": 0.22799589131217052, "straight": 0.2852439056944192}, "did": {"him - straight": -0.018658470537267158, "him": 0.27786589156894786, "straight": 0.296524362106215}, "do": {"him - straight": -0.14132679449675956, "him": 0.23141937963189252, "straight": 0.3727461741286521}, "down": {"him - straight": -0.07636923843646831, "him": 0.28945167959704726, "straight": 0.3658209180335156}, "either": {"him - straight": -0.23366182473370076, "him": 0.19880689830019407, "straight": 0.43246872303389483}, "eyes": {"him - straight": -0.24005275949066282, "him": 0.15606285733421207, "straight": 0.3961156168248749}, "fell": {"him - straight": -0.15400775284324764, "him": 0.2937249036291447, "straight": 0.44773265647239235}, "few": {"him - straight": -0.018954951824811495, "him": 0.2609527984506781, "straight": 0.2799077502754896}, "find": {"him - straight": -0.056829723962549816, "him": 0.23909598856303377, "straight": 0.2959257125255836}, "floor": {"him - straight": -0.15910925789728309, "him": 0.2522110832706662, "straight": 0.4113203411679493}, "for": {"him - straight": -0.015067204121518796, "him": 0.305286159987585, "straight": 0.3203533641091038}, "force": {"him - straight": -0.16292049171827838, "him": 0.21819573637746792, "straight": 0.3811162280957463}, "forward": {"him - straight": -0.16136922445969615, "him": 0.2324050111406903, "straight": 0.39377423560038644}, "from": {"him - straight": 0.025918906993977975, "him": 0.3214803030667667, "straight": 0.29556139607278875}, "get": {"him - straight": -0.012484046624928635, "him": 0.30239836748229054, "straight": 0.3148824141072192}, "gets": {"him - straight": -0.11203009810502709, "him": 0.24979809086954, "straight": 0.3618281889745671}, "getting": {"him - straight": -0.16644823977433312, "him": 0.18361647265981548, "straight": 0.3500647124341486}, "go": {"him - straight": 0.022141783532292514, "him": 0.28856637087868175, "straight": 0.26642458734638924}, "god": {"him - straight": -0.1057732680413408, "him": 0.2960737799490826, "straight": 0.4018470479904234}, "good": {"him - straight": -0.058364195233300775, "him": 0.19660910491176226, "straight": 0.25497330014506303}, "got": {"him - straight": -0.03996229799829032, "him": 0.3234776360207465, "straight": 0.3634399340190368}, "green": {"him - straight": -0.1636903034661142, "him": 0.2109360351157493, "straight": 0.3746263385818635}, "guy": {"him - straight": -0.0032390090278531236, "him": 0.3284488751627865, "straight": 0.3316878841906396}, "hair": {"him - straight": -0.08039579005050401, "him": 0.2540576416843928, "straight": 0.33445343173489683}, "half": {"him - straight": -0.16705463000802626, "him": 0.17729780221543992, "straight": 0.3443524322234662}, "has": {"him - straight": -0.03706014054149312, "him": 0.22420310018172637, "straight": 0.2612632407232195}, "have": {"him - straight": 0.039902918752145244, "him": 0.2789941667429293, "straight": 0.23909124799078407}, "he": {"him - straight": 0.19520242161953838, "him": 0.45384851086428296, "straight": 0.2586460892447446}, "head": {"him - straight": -0.053874902212031894, "him": 0.30987394445266775, "straight": 0.36374884666469964}, "her": {"him - straight": -0.003734941507193612, "him": 0.2693092534055421, "straight": 0.27304419491273574}, "here": {"him - straight": -0.05882858547762551, "him": 0.1826600502209034, "straight": 0.2414886356985289}, "him": {"him - straight": 0.367598749218682, "him": 0.6714495242197408, "straight": 0.3038507750010588}, "himself": {"him - straight": -0.10695064483132499, "him": 0.31012384021018496, "straight": 0.41707448504150996}, "https": {"him - straight": -0.1696578549106646, "him": 0.14860521824096556, "straight": 0.31826307315163016}, "i": {"him - straight": 0.06356723265662306, "him": 0.36541899971524117, "straight": 0.3018517670586181}, "if": {"him - straight": 0.03271023841673376, "him": 0.319169897632612, "straight": 0.28645965921587824}, "in": {"him - straight": -0.0009653437494866468, "him": 0.3113532887371724, "straight": 0.31231863248665903}, "into": {"him - straight": -0.1766722658065234, "him": 0.23289122507989668, "straight": 0.4095634908864201}, "is": {"him - straight": -0.05356669672661046, "him": 0.27347356987989074, "straight": 0.3270402666065012}, "it": {"him - straight": -0.1053983390868597, "him": 0.27884087359671095, "straight": 0.38423921268357064}, "its": {"him - straight": -0.11761414705615836, "him": 0.1696823185637002, "straight": 0.28729646561985855}, "just": {"him - straight": -0.04532866234814986, "him": 0.29748255113861677, "straight": 0.34281121348676663}, "keep": {"him - straight": -0.08074348732410852, "him": 0.24779401438557846, "straight": 0.328537501709687}, "kids": {"him - straight": -0.11759708530112464, "him": 0.1699605316686892, "straight": 0.28755761696981386}, "knew": {"him - straight": -0.0777065715860672, "him": 0.2994130053547445, "straight": 0.3771195769408117}, "left": {"him - straight": -0.23781630159886155, "him": 0.17159020543861633, "straight": 0.4094065070374779}, "life": {"him - straight": -0.08022261619040016, "him": 0.25713916874103804, "straight": 0.3373617849314382}, "like": {"him - straight": -0.045740975150718455, "him": 0.28678199439027735, "straight": 0.3325229695409958}, "local": {"him - straight": -0.16494194836450557, "him": 0.19880689830019407, "straight": 0.36374884666469964},