{"000": {"gay - woman": 0.07283717398141198, "gay": 0.31165756557094787, "woman": 0.23882039158953589}, "20": {"gay - woman": 0.07260819836495064, "gay": 0.3171170182430329, "woman": 0.24450881987808226}, "9": {"gay - woman": 0.07248207436776885, "gay": 0.32007192514348526, "woman": 0.2475898507757164}, "a": {"gay - woman": -0.12758294513618584, "gay": 0.3185280405536974, "woman": 0.4461109856898832}, "abortion": {"gay - woman": 0.06842520789689288, "gay": 0.40099347696909554, "woman": 0.33256826907220266}, "about": {"gay - woman": -0.0952732300861284, "gay": 0.18081489463779463, "woman": 0.276088124723923}, "all": {"gay - woman": 0.04019211177415574, "gay": 0.26638660997311403, "woman": 0.2261944981989583}, "an": {"gay - woman": -0.12636109829182665, "gay": 0.20416605708002697, "woman": 0.3305271553718536}, "and": {"gay - woman": -0.0298238896878662, "gay": 0.3426108028061029, "woman": 0.3724346924939691}, "any": {"gay - woman": -0.022043779024465054, "gay": 0.23036131214393932, "woman": 0.25240509116840437}, "apparently": {"gay - woman": 0.07086760599617176, "gay": 0.3551335293325131, "woman": 0.2842659233363413}, "are": {"gay - woman": 0.16698865482353603, "gay": 0.37451165546260606, "woman": 0.20752300063907003}, "around": {"gay - woman": 0.07529160829742973, "gay": 0.24230142905520102, "woman": 0.1670098207577713}, "as": {"gay - woman": 0.036785022958694846, "gay": 0.30561045965241845, "woman": 0.2688254366937236}, "at": {"gay - woman": 0.019808372910848637, "gay": 0.2855405370323465, "woman": 0.26573216412149786}, "back": {"gay - woman": 0.07566053066130732, "gay": 0.2292298231880766, "woman": 0.1535692925267693}, "be": {"gay - woman": -0.04334756731916886, "gay": 0.2225641675538312, "woman": 0.26591173487300007}, "beating": {"gay - woman": 0.06924903882242806, "gay": 0.38629541978740645, "woman": 0.3170463809649784}, "beautiful": {"gay - woman": 0.07307235644644197, "gay": 0.3059150773895706, "woman": 0.2328427209431286}, "because": {"gay - woman": 0.08979773949354825, "gay": 0.3435654563470742, "woman": 0.25376771685352595}, "behind": {"gay - woman": 0.07252507649447235, "gay": 0.3190684929780839, "woman": 0.24654341648361153}, "brother": {"gay - woman": 0.0720969843682685, "gay": 0.3288797483035058, "woman": 0.2567827639352373}, "brown": {"gay - woman": 0.07367970943166269, "gay": 0.2903758635860459, "woman": 0.2166961541543832}, "but": {"gay - woman": 0.019929265150730707, "gay": 0.2696359246510539, "woman": 0.2497066595003232}, "by": {"gay - woman": -0.07113556053564474, "gay": 0.2661766556423075, "woman": 0.33731221617795226}, "children": {"gay - woman": 0.12476422177797325, "gay": 0.3787406693376116, "woman": 0.25397644755963833}, "come": {"gay - woman": 0.07452049657035253, "gay": 0.2667991684867617, "woman": 0.19227867191640918}, "crime": {"gay - woman": 0.015516651740631604, "gay": 0.2953110512667621, "woman": 0.2797943995261305}, "date": {"gay - woman": 0.07065498854028573, "gay": 0.35942526552315907, "woman": 0.28877027698287333}, "dating": {"gay - woman": -0.019402642777845425, "gay": 0.382357289307344, "woman": 0.4017599320851894}, "do": {"gay - woman": 0.12743841852985438, "gay": 0.311483384651383, "woman": 0.1840449661215286}, "down": {"gay - woman": 0.015796193667484665, "gay": 0.24709787486507354, "woman": 0.23130168119758887}, "ever": {"gay - woman": 0.07466131189574735, "gay": 0.2625623962620298, "woman": 0.18790108436628247}, "face": {"gay - woman": 0.015342596659043861, "gay": 0.3190684929780839, "woman": 0.30372589631904}, "family": {"gay - woman": 0.08138939824838448, "gay": 0.3550373950852266, "woman": 0.2736479968368421}, "first": {"gay - woman": 0.14217685237870414, "gay": 0.3231548763674664, "woman": 0.18097802398876228}, "for": {"gay - woman": -0.054918251313346045, "gay": 0.3102720307063573, "woman": 0.3651902820197033}, "force": {"gay - woman": 0.015186127456403908, "gay": 0.338066692043886, "woman": 0.3228805645874821}, "forced": {"gay - woman": 0.07105953201133025, "gay": 0.3512013387422007, "woman": 0.28014180673087047}, "from": {"gay - woman": 0.1457373536239688, "gay": 0.3930186576832394, "woman": 0.2472813040592706}, "full": {"gay - woman": 0.13767327368269633, "gay": 0.37559975753270997, "woman": 0.23792648385001364}, "god": {"gay - woman": 0.07382908730676835, "gay": 0.2863788706607983, "woman": 0.21254978335402996}, "has": {"gay - woman": 0.14494559199010693, "gay": 0.28341107790892084, "woman": 0.1384654859188139}, "have": {"gay - woman": 0.05544699091653668, "gay": 0.2655600483084889, "woman": 0.2101130573919522}, "he": {"gay - woman": 0.018039626209503667, "gay": 0.2808250738851172, "woman": 0.2627854476756135}, "here": {"gay - woman": -0.05145117883090017, "gay": 0.19425900171109664, "woman": 0.2457101805419968}, "high": {"gay - woman": 0.13940727279281526, "gay": 0.3567200648421205, "woman": 0.21731279204930523}, "his": {"gay - woman": 0.14327250496734997, "gay": 0.3083489917165534, "woman": 0.16507648674920342}, "home": {"gay - woman": -0.04946713129871111, "gay": 0.260008194091471, "woman": 0.30947532539018213}, "how": {"gay - woman": 0.08469339860958369, "gay": 0.28682993066969575, "woman": 0.20213653206011206}, "huge": {"gay - woman": 0.07147034193502955, "gay": 0.34258780551464807, "woman": 0.2711174635796185}, "i": {"gay - woman": -0.09033461283766103, "gay": 0.17268396469878788, "woman": 0.2630185775364489}, "if": {"gay - woman": 0.0023407511965991556, "gay": 0.2779347513604833, "woman": 0.27559400016388413}, "important": {"gay - woman": 0.13536434525871022, "gay": 0.39882162123994974, "woman": 0.2634572759812395}, "in": {"gay - woman": -0.013100557122691148, "gay": 0.37530818831793283, "woman": 0.388408745440624}, "inside": {"gay - woman": 0.07065498854028573, "gay": 0.35942526552315907, "woman": 0.28877027698287333}, "is": {"gay - woman": 0.16703819229544048, "gay": 0.4381859402767081, "woman": 0.2711477479812676}, "it": {"gay - woman": 0.05731471653964115, "gay": 0.31140576525999647, "woman": 0.2540910487203553}, "its": {"gay - woman": 0.08371794971413812, "gay": 0.3091159590657023, "woman": 0.22539800935156415}, "jews": {"gay - woman": 0.07454705960931393, "gay": 0.26600709842686715, "woman": 0.19146003881755322}, "keep": {"gay - woman": 0.08167851223594291, "gay": 0.34976809161424605, "woman": 0.26808957937830313}, "kids": {"gay - woman": 0.1431991452126662, "gay": 0.30937364631173786, "woman": 0.16617450109907167}, "know": {"gay - woman": 0.08470104210633891, "gay": 0.2866457459731065, "woman": 0.20194470386676758}, "last": {"gay - woman": 0.18520313050407408, "gay": 0.3641396245458601, "woman": 0.178936494041786}, "laugh": {"gay - woman": 0.07168069798625837, "gay": 0.338066692043886, "woman": 0.26638599405762764}, "liberals": {"gay - woman": 0.07204280071233643, "gay": 0.3300944335676952, "woman": 0.25805163285535876}, "like": {"gay - woman": -0.14360505175821925, "gay": 0.15812117337320947, "woman": 0.3017262251314287}, "local": {"gay - woman": 0.015334716758618638, "gay": 0.32007192514348526, "woman": 0.3047372083848666}, "long": {"gay - woman": 0.07427476698093141, "gay": 0.2739778398397057, "woman": 0.19970307285877428}, "look": {"gay - woman": -0.021749203996833222, "gay": 0.2500918886982128, "woman": 0.271841092695046}, "m": {"gay - woman": 0.046708531384859614, "gay": 0.280151186098834, "woman": 0.23344265471397438}, "man": {"gay - woman": -0.15704389367548016, "gay": 0.2671990310042123, "woman": 0.42424292467969243}, "may": {"gay - woman": 0.08129587150769307, "gay": 0.3567200648421205, "woman": 0.2754241933344274}, "me": {"gay - woman": -0.14162038387979853, "gay": 0.18463418472863086, "woman": 0.3262545686084294}, "men": {"gay - woman": -0.08842292350391423, "gay": 0.29727767112932063, "woman": 0.38570059463323486}, "middle": {"gay - woman": 0.07139481729056996, "gay": 0.34419228981871636, "woman": 0.2727974725281464}, "mostly": {"gay - woman": 0.07168069798625837, "gay": 0.338066692043886, "woman": 0.26638599405762764}, "much": {"gay - woman": 0.07493001435116312,