{"28": {"her - straight": -0.1929564813497719, "her": 0.23078016684482555, "straight": 0.42373664819459744}, "5": {"her - straight": -0.1554232023307413, "her": 0.1784661934227515, "straight": 0.3338893957534928}, "88": {"her - straight": -0.20465944185355125, "her": 0.1424736799017334, "straight": 0.34713312175528466}, "a": {"her - straight": -0.048518235463458126, "her": 0.3333178609459928, "straight": 0.38183609640945093}, "about": {"her - straight": -0.05369071830094141, "her": 0.25053001175470346, "straight": 0.3042207300556449}, "add": {"her - straight": -0.19867524180308085, "her": 0.18994513195009063, "straight": 0.3886203737531715}, "ago": {"her - straight": -0.0392050984051755, "her": 0.274522007281485, "straight": 0.3137271056866605}, "air": {"her - straight": -0.1477262003026128, "her": 0.24983446741109566, "straight": 0.39756066771370846}, "all": {"her - straight": -0.18651618346354565, "her": 0.17618915228479426, "straight": 0.3627053357483399}, "almost": {"her - straight": -0.20314532252744733, "her": 0.15504377352218957, "straight": 0.3581890960496369}, "although": {"her - straight": -0.19695564838990529, "her": 0.20262326034384018, "straight": 0.39957890873374546}, "an": {"her - straight": -0.14425119392409538, "her": 0.18178815268399792, "straight": 0.3260393466080933}, "and": {"her - straight": -0.052780922617411075, "her": 0.3765288386234401, "straight": 0.4293097612408512}, "any": {"her - straight": -0.10410889857834421, "her": 0.1726126005321763, "straight": 0.2767214991105205}, "anyone": {"her - straight": -0.21058387147050336, "her": 0.08839323354719311, "straight": 0.2989771050176965}, "are": {"her - straight": -0.07340521299952743, "her": 0.16312315946106248, "straight": 0.23652837246058991}, "around": {"her - straight": -0.04035820347870503, "her": 0.24798919255499238, "straight": 0.2883473960336974}, "as": {"her - straight": -0.10481720973776129, "her": 0.2246342215843322, "straight": 0.3294514313220935}, "ass": {"her - straight": -0.1972767547442283, "her": 0.20028391296948017, "straight": 0.39756066771370846}, "at": {"her - straight": -0.07104434669561799, "her": 0.27222692640324897, "straight": 0.34327127309886696}, "bag": {"her - straight": -0.19408816538952697, "her": 0.22298631965198298, "straight": 0.41707448504150996}, "band": {"her - straight": -0.20236189346981318, "her": 0.16138695319488647, "straight": 0.36374884666469964}, "barely": {"her - straight": -0.19157723065840737, "her": 0.24010886242285367, "straight": 0.43168609308126105}, "be": {"her - straight": 0.021793736514858664, "her": 0.22156833114512678, "straight": 0.19977459463026812}, "became": {"her - straight": -0.19408816538952697, "her": 0.22298631965198298, "straight": 0.41707448504150996}, "beliefs": {"her - straight": -0.19408816538952697, "her": 0.22298631965198298, "straight": 0.41707448504150996}, "black": {"her - straight": -0.06008475865631269, "her": 0.2619460904732638, "straight": 0.32203084912957647}, "blonde": {"her - straight": -0.11456595920619483, "her": 0.3025085258353151, "straight": 0.41707448504150996}, "buisiness": {"her - straight": -0.1791546425906832, "her": 0.31726731633360494, "straight": 0.49642195892428814}, "by": {"her - straight": 0.029410708303461708, "her": 0.2732384424912961, "straight": 0.24382773418783438}, "ca": {"her - straight": -0.12351726706687888, "her": 0.20926067905034168, "straight": 0.33277794611722056}, "can": {"her - straight": -0.1174146973695123, "her": 0.24173942919131872, "straight": 0.359154126560831}, "college": {"her - straight": -0.20475451147029253, "her": 0.14166996201506812, "straight": 0.34642447348536065}, "com": {"her - straight": -0.1427322447840824, "her": 0.19729723915326167, "straight": 0.34002948393734406}, "community": {"her - straight": -0.15264702092904736, "her": 0.20554207512058953, "straight": 0.3581890960496369}, "could": {"her - straight": -0.06697474749938431, "her": 0.22603914693383753, "straight": 0.29301389443322184}, "day": {"her - straight": -0.10347828348543861, "her": 0.1817656222089806, "straight": 0.2852439056944192}, "did": {"her - straight": -0.05256107142390104, "her": 0.24396329068231398, "straight": 0.296524362106215}, "do": {"her - straight": -0.18504786705990495, "her": 0.18769830706874713, "straight": 0.3727461741286521}, "doubt": {"her - straight": -0.1972767547442283, "her": 0.20028391296948017, "straight": 0.39756066771370846}, "down": {"her - straight": -0.17569872870580044, "her": 0.19012218932771513, "straight": 0.3658209180335156}, "either": {"her - straight": -0.27108176983900834, "her": 0.16138695319488647, "straight": 0.43246872303389483}, "eyes": {"her - straight": -0.12208974698347819, "her": 0.2740258698413967, "straight": 0.3961156168248749}, "face": {"her - straight": -0.22088126157174667, "her": 0.21067919583408365, "straight": 0.4315604574058303}, "fear": {"her - straight": -0.19960633092673302, "her": 0.18291915638950512, "straight": 0.38252548731623814}, "few": {"her - straight": -0.02932827450384662, "her": 0.25057947577164297, "straight": 0.2799077502754896}, "find": {"her - straight": -0.1268739657160628, "her": 0.1690517468095208, "straight": 0.2959257125255836}, "for": {"her - straight": -0.059619650773197974, "her": 0.26073371333590584, "straight": 0.3203533641091038}, "from": {"her - straight": -0.033812471081360096, "her": 0.26174892499142866, "straight": 0.29556139607278875}, "get": {"her - straight": -0.07688207263225716, "her": 0.23800034147496202, "straight": 0.3148824141072192}, "gets": {"her - straight": -0.2026342060584121, "her": 0.159193982916155, "straight": 0.3618281889745671}, "getting": {"her - straight": -0.1535972134915086, "her": 0.19646749894264, "straight": 0.3500647124341486}, "go": {"her - straight": -0.04133740207582154, "her": 0.2250871852705677, "straight": 0.26642458734638924}, "god": {"her - straight": -0.2774423993232701, "her": 0.12440464866715333, "straight": 0.4018470479904234}, "good": {"her - straight": -0.04184267991871962, "her": 0.2131306202263434, "straight": 0.25497330014506303}, "got": {"her - straight": -0.12581347983215693, "her": 0.23762645418687986, "straight": 0.3634399340190368}, "guy": {"her - straight": -0.08067702950272548, "her": 0.2510108546879141, "straight": 0.3316878841906396}, "hair": {"her - straight": -0.08047519089575378, "her": 0.25397824083914305, "straight": 0.33445343173489683}, "half": {"her - straight": -0.15425204335401146, "her": 0.1901003888694547, "straight": 0.3443524322234662}, "has": {"her - straight": -0.030046085068059947, "her": 0.23121715565515955, "straight": 0.2612632407232195}, "have": {"her - straight": -0.043015572118439815, "her": 0.19607567587234426, "straight": 0.23909124799078407}, "he": {"her - straight": -0.04168108480892413, "her": 0.21696500443582045, "straight": 0.2586460892447446}, "head": {"her - straight": -0.1519839819465826, "her": 0.21176486471811704, "straight": 0.36374884666469964}, "her": {"her - straight": 0.36805413923745706, "her": 0.6410983341501928, "straight": 0.27304419491273574}, "here": {"her - straight": -0.03080511719020851, "her": 0.2106835185083204, "straight": 0.2414886356985289}, "him": {"her - straight": -0.052176021573877074, "her": 0.2516747534271817, "straight": 0.3038507750010588}, "https": {"her - straight": -0.20834105211322584, "her": 0.10992202103840433, "straight": 0.31826307315163016}, "i": {"her - straight": 0.004441136016392566, "her": 0.30629290307501067, "straight": 0.3018517670586181}, "if": {"her - straight": -0.05470261117521302, "her": 0.23175704804066521, "straight": 0.28645965921587824}, "in": {"her - straight": 0.017589800419511747, "her": 0.3299084329061708, "straight": 0.31231863248665903}, "info": {"her - straight": -0.20113486516268192, "her": 0.17111842586078274, "straight": 0.37225329102346466}, "into": {"her - straight": -0.17251063316605286, "her": 0.23705285772036722, "straight": 0.4095634908864201}, "is": {"her - straight": -0.015422416878563272, "her": 0.31161784972793793,